Datum;Erster;Hoch;Tief;Schlusskurs;Stuecke;Volumen;https://www.ariva.de/ishares_msci_acwi_ucits_etf-fonds/historische_kurse?go=1&boerse_id=12&month=&currency=EUR&clean_split=1&clean_payout=1&clean_bezug=1
2021-10-19;63,26;63,50;63,16;63,49;69.245;4.381.205
2021-10-18;63,04;63,19;62,75;63,14;66.452;4.188.466
2021-10-15;62,86;63,17;62,82;63,17;66.055;4.157.927
2021-10-14;62,12;62,62;62,07;62,59;37.230;2.318.008
2021-10-13;61,57;61,91;61,49;61,68;47.706;2.944.113
2021-10-12;61,28;61,95;61,28;61,83;31.838;1.964.950
2021-10-11;61,89;62,26;61,82;62,24;35.155;2.179.563
2021-10-08;62,20;62,24;61,99;62,05;24.810;1.541.505
2021-10-07;61,81;62,36;61,74;62,31;33.593;2.078.938
2021-10-06;60,89;61,17;60,49;60,93;65.295;3.964.887
2021-10-05;60,74;61,43;60,70;61,36;44.424;2.709.128
2021-10-04;61,02;61,13;60,35;60,35;69.509;4.231.715
2021-10-01;60,48;61,20;60,41;61,11;146.976;8.948.462
2021-09-30;61,86;61,88;61,40;61,44;28.744;1.772.518
2021-09-29;61,29;61,62;61,26;61,49;48.171;2.958.660
2021-09-28;62,03;62,06;61,06;61,06;83.569;5.137.196
2021-09-27;62,53;62,53;62,05;62,17;22.086;1.375.024
2021-09-24;62,01;62,15;61,85;62,05;9.561;592.376
2021-09-23;62,02;62,37;61,87;62,20;42.229;2.621.854
2021-09-22;61,46;61,73;61,26;61,71;130.114;8.004.247
2021-09-21;61,30;61,56;60,98;61,31;52.348;3.211.437
2021-09-20;61,73;61,73;60,77;60,87;91.897;5.625.298
2021-09-17;62,57;62,89;61,96;62,01;105.996;6.589.897
2021-09-16;62,27;62,48;62,07;62,17;54.212;3.380.272
2021-09-15;62,07;62,08;61,80;61,94;61.817;3.831.749
2021-09-14;62,26;62,36;61,98;62,10;70.470;4.380.169
2021-09-13;62,51;62,69;62,17;62,28;68.365;4.271.556
2021-09-10;62,65;62,73;62,26;62,33;27.446;1.718.870
2021-09-09;62,25;62,83;62,21;62,60;62.844;3.935.148
2021-09-08;62,68;62,90;62,47;62,54;74.463;4.670.979
2021-09-07;62,98;63,00;62,73;62,80;99.755;6.269.939
2021-09-06;62,92;63,14;62,88;63,10;51.001;3.213.525
2021-09-03;62,73;62,82;62,45;62,67;120.099;7.527.817
2021-09-02;62,67;62,87;62,61;62,80;62.285;3.908.552
2021-09-01;63,04;63,04;62,57;62,65;85.304;5.362.364
2021-08-31;62,73;62,82;62,44;62,67;42.444;2.657.179
2021-08-30;62,37;62,65;62,35;62,62;40.990;2.560.314
2021-08-27;62,06;62,35;62,06;62,33;27.654;1.719.856
2021-08-26;62,14;62,36;62,02;62,11;77.208;4.802.833
2021-08-25;62,41;62,42;62,30;62,40;31.247;1.949.102
2021-08-24;62,33;62,36;62,15;62,34;37.199;2.317.455
2021-08-23;61,88;62,10;61,70;62,09;83.958;5.199.720
2021-08-20;61,20;61,68;60,94;61,67;44.288;2.714.378
2021-08-19;61,03;61,40;60,75;61,29;112.414;6.852.631
2021-08-18;62,11;62,11;61,93;62,01;26.298;1.630.998
2021-08-17;62,00;62,09;61,72;62,01;50.849;3.148.222
2021-08-16;62,06;62,06;61,70;61,90;81.985;5.076.155
2021-08-13;62,32;62,36;62,07;62,10;42.132;2.622.021
2021-08-12;62,20;62,34;62,12;62,24;38.039;2.366.936
2021-08-11;62,27;62,37;62,16;62,19;31.704;1.973.844
2021-08-10;62,07;62,30;62,06;62,19;41.478;2.577.145
2021-08-09;61,88;62,01;61,80;61,97;57.975;3.586.329
2021-08-06;61,62;62,00;61,55;61,84;55.697;3.439.074
2021-08-05;61,33;61,59;61,32;61,56;42.700;2.623.286
2021-08-04;61,29;61,40;61,09;61,32;100.755;6.173.946
2021-08-03;60,98;61,06;60,66;60,99;87.333;5.322.429
2021-08-02;61,15;61,22;60,92;61,09;148.556;9.078.214
2021-07-30;60,56;60,95;60,40;60,83;116.642;7.069.812
2021-07-29;61,07;61,18;60,98;61,14;52.019;3.177.155
2021-07-28;60,79;61,14;60,70;61,07;43.305;2.640.920
2021-07-27;61,05;61,10;60,50;60,51;41.243;2.511.146
2021-07-26;61,17;61,23;60,90;61,19;49.351;3.013.180
2021-07-23;61,26;61,48;61,17;61,48;74.150;4.544.778
2021-07-22;61,01;61,08;60,73;60,99;22.510;1.372.416
2021-07-21;60,47;60,70;60,39;60,68;35.311;2.138.373
2021-07-20;59,91;60,37;59,65;60,26;70.505;4.220.780
2021-07-19;60,24;60,28;59,17;59,57;92.255;5.512.799
2021-07-16;60,90;61,04;60,67;60,71;26.444;1.610.126
2021-07-15;60,99;61,06;60,79;60,96;73.261;4.466.631
2021-07-14;61,13;61,31;61,09;61,09;42.165;2.579.947
2021-07-13;61,09;61,31;61,01;61,31;92.443;5.651.929
2021-07-12;60,77;60,97;60,50;60,96;42.446;2.580.141
2021-07-09;60,45;60,74;60,35;60,74;33.375;2.018.407
2021-07-08;60,63;60,63;59,69;60,06;74.341;4.462.547
2021-07-07;60,83;61,10;60,79;61,00;49.968;3.046.204
2021-07-06;60,69;60,98;60,53;60,64;92.082;5.599.775
2021-07-05;60,72;60,85;60,58;60,83;62.909;3.820.198
2021-07-02;60,62;60,76;60,58;60,70;38.247;2.321.070
2021-07-01;60,48;60,64;60,25;60,42;74.596;4.508.934
2021-06-30;60,35;60,40;60,03;60,33;43.276;2.606.080
2021-06-29;60,15;60,40;60,14;60,29;43.569;2.625.861
2021-06-28;60,10;60,23;60,00;60,04;38.263;2.299.351
2021-06-25;59,97;60,05;59,86;60,04;55.373;3.320.223
2021-06-24;59,69;60,01;59,67;59,91;55.482;3.319.616
2021-06-23;59,77;59,77;59,48;59,51;53.351;3.178.568
2021-06-22;59,52;59,60;59,34;59,60;33.118;1.969.928
2021-06-21;58,78;59,36;58,78;59,36;61.569;3.628.981
2021-06-18;59,65;59,66;59,09;59,14;57.162;3.390.701
2021-06-17;59,08;59,66;59,08;59,65;30.109;1.787.268
2021-06-16;59,04;59,09;58,92;59,04;43.883;2.588.497
2021-06-15;59,18;59,23;58,91;58,91;50.837;3.006.157
2021-06-14;59,19;59,21;58,91;58,94;48.380;2.858.693
2021-06-11;58,60;59,14;58,59;58,97;40.453;2.379.721
2021-06-10;58,47;58,73;58,31;58,61;27.193;1.590.133
2021-06-09;58,39;58,48;58,30;58,42;38.868;2.269.514
2021-06-08;58,48;58,59;58,25;58,32;38.820;2.269.380
2021-06-07;58,46;58,57;58,30;58,30;70.152;4.101.394
2021-06-04;58,20;58,44;58,20;58,42;36.046;2.100.396
2021-06-03;58,17;58,33;57,75;58,23;36.180;2.099.140
2021-06-02;58,03;58,19;57,96;58,19;32.372;1.881.390
2021-06-01;57,97;58,23;57,81;57,95;100.726;5.847.513
2021-05-31;58,00;58,06;57,70;57,70;31.173;1.806.560
2021-05-28;57,93;58,16;57,87;58,02;38.093;2.210.316
2021-05-27;57,54;57,85;57,46;57,77;29.663;1.710.042
2021-05-26;57,57;57,60;57,37;57,59;37.001;2.127.178
2021-05-25;57,61;57,62;57,37;57,37;61.700;3.547.950
2021-05-21;57,06;57,47;56,97;57,26;17.448;997.760
2021-05-20;56,56;57,05;56,25;57,05;35.199;1.987.998
2021-05-19;56,27;56,35;55,79;56,09;55.292;3.104.348
2021-05-18;57,34;57,35;56,90;57,02;28.993;1.654.964
2021-05-17;57,15;57,20;56,82;56,91;46.720;2.665.357
2021-05-14;56,80;57,12;56,64;57,11;25.435;1.446.015
2021-05-13;55,98;56,75;55,64;56,58;37.712;2.117.484
2021-05-12;56,93;57,01;56,55;56,55;44.777;2.543.919
2021-05-11;57,17;57,17;56,42;56,82;95.275;5.410.622
2021-05-10;58,04;58,07;57,76;57,91;50.845;2.945.829
2021-05-07;58,00;58,10;57,84;58,09;16.743;970.626
2021-05-06;57,89;57,92;57,33;57,70;35.083;2.022.425
2021-05-05;57,72;57,96;57,70;57,96;28.300;1.637.245
2021-05-04;57,92;58,00;57,08;57,18;63.152;3.648.062
2021-05-03;57,88;58,00;57,70;57,87;59.096;3.421.132
2021-04-30;57,79;57,85;57,61;57,77;54.551;3.151.175
2021-04-29;58,02;58,10;57,67;57,71;25.995;1.507.560
2021-04-28;58,00;58,03;57,80;57,85;20.589;1.192.465
2021-04-27;57,97;57,99;57,72;57,84;21.227;1.228.216
2021-04-26;57,74;57,97;57,62;57,90;16.059;928.297
2021-04-23;57,59;57,82;57,39;57,81;51.526;2.965.882
2021-04-22;57,71;57,93;57,63;57,85;24.441;1.410.914
2021-04-21;57,31;57,54;57,19;57,51;29.395;1.684.979
2021-04-20;57,73;57,80;57,05;57,07;51.658;2.967.022
2021-04-19;58,26;58,32;57,81;57,84;37.841;2.198.666
2021-04-16;58,12;58,29;58,09;58,23;46.534;2.708.760
2021-04-15;57,78;58,08;57,75;58,07;35.046;2.028.438
2021-04-14;57,81;57,96;57,75;57,78;20.966;1.212.626
2021-04-13;57,78;57,85;57,60;57,75;76.080;4.390.212
2021-04-12;57,72;57,78;57,55;57,61;41.557;2.397.147
2021-04-09;57,62;57,75;57,51;57,67;31.438;1.812.531
2021-04-08;57,65;57,73;57,48;57,56;85.800;4.945.286
2021-04-07;57,46;57,51;57,23;57,28;60.396;3.465.232
2021-04-06;57,67;57,75;57,51;57,71;116.289;6.702.273
2021-04-01;57,08;57,51;57,01;57,24;87.459;4.997.052
2021-03-31;56,68;56,95;56,56;56,95;87.216;4.944.879
2021-03-30;56,74;56,81;56,53;56,77;89.188;5.059.220
2021-03-29;56,49;56,62;56,33;56,42;93.096;5.256.800
2021-03-26;56,15;56,25;56,00;56,19;62.730;3.518.449
2021-03-25;55,50;55,68;55,12;55,68;39.446;2.183.858
2021-03-24;55,65;55,97;55,65;55,85;39.916;2.227.725
2021-03-23;55,81;56,12;55,70;56,02;67.830;3.786.859
2021-03-22;55,65;55,97;55,60;55,97;63.910;3.563.030
2021-03-19;55,75;56,03;55,53;55,81;67.533;3.772.655
2021-03-18;56,27;56,27;55,97;56,17;51.196;2.873.772
2021-03-17;56,33;56,34;55,88;56,00;28.968;1.624.784
2021-03-16;56,31;56,56;56,16;56,44;40.607;2.289.019
2021-03-15;55,92;56,12;55,78;55,88;47.824;2.676.863
2021-03-12;55,63;55,76;55,55;55,60;35.270;1.962.845
2021-03-11;55,68;55,94;55,55;55,94;25.535;1.421.608
2021-03-10;55,12;55,58;55,08;55,44;33.779;1.866.147
2021-03-09;54,71;55,36;54,68;55,34;30.604;1.681.280
2021-03-08;54,43;55,17;54,19;55,03;43.598;2.380.028
2021-03-05;53,75;54,38;53,50;53,59;40.496;2.181.856
2021-03-04;54,12;54,37;53,80;54,25;46.769;2.529.732
2021-03-03;54,97;55,13;54,32;54,59;61.260;3.357.480
2021-03-02;54,88;55,09;54,64;54,64;34.420;1.891.716
2021-03-01;54,43;55,15;54,43;55,00;52.865;2.884.395
2021-02-26;53,59;54,03;53,31;53,96;50.656;2.724.351
2021-02-25;55,03;55,08;54,35;54,35;32.606;1.785.833
2021-02-24;54,46;54,90;54,31;54,84;16.410;895.377
2021-02-23;54,91;54,91;53,76;54,44;79.318;4.308.541
2021-02-22;54,87;54,97;54,73;54,91;44.328;2.433.258
2021-02-19;55,36;55,77;55,25;55,55;109.237;6.054.764
2021-02-18;55,77;55,88;55,17;55,32;16.028;890.196
2021-02-17;55,94;56,09;55,69;55,69;49.988;2.797.721
2021-02-16;56,13;56,14;55,90;55,93;23.364;1.309.842
2021-02-15;56,00;56,11;55,88;56,08;34.752;1.946.589
2021-02-12;55,31;55,62;55,21;55,62;15.719;871.474
2021-02-11;55,32;55,51;55,30;55,45;34.387;1.905.455
2021-02-10;55,37;55,53;54,90;55,14;20.197;1.117.946
2021-02-09;55,24;55,35;55,09;55,24;30.496;1.682.288
2021-02-08;55,21;55,40;55,13;55,21;25.974;1.435.054
2021-02-05;55,15;55,30;54,92;55,06;36.386;2.007.446
2021-02-04;54,50;54,88;54,50;54,85;60.110;3.287.401
2021-02-03;54,67;54,67;54,35;54,44;62.150;3.386.053
2021-02-02;53,73;54,40;53,73;54,36;54.242;2.938.505
2021-02-01;52,92;53,28;52,79;53,16;91.424;4.852.118
2021-01-29;52,59;52,97;52,45;52,45;10.965;578.236
2021-01-28;52,74;53,61;52,30;53,53;36.273;1.923.939
2021-01-27;53,98;54,14;53,28;53,45;60.643;3.259.347
2021-01-26;54,08;54,36;54,08;54,13;52.912;2.867.319
2021-01-25;54,35;54,45;53,74;54,01;48.900;2.653.469
2021-01-22;54,01;54,05;53,73;53,95;229.570;12.392.512
2021-01-21;54,66;54,66;54,26;54,33;12.005;653.819
2021-01-20;53,85;54,38;53,85;54,33;37.262;2.017.557
2021-01-19;53,91;53,91;53,63;53,63;27.398;1.473.258
2021-01-18;53,47;53,66;53,46;53,64;16.325;873.822
2021-01-15;53,65;53,75;53,27;53,54;34.194;1.833.943
2021-01-14;53,85;54,10;53,80;53,98;31.382;1.692.257
2021-01-13;53,49;53,67;53,38;53,63;22.258;1.191.082
2021-01-12;53,56;53,61;53,38;53,52;14.203;760.288
2021-01-11;53,45;53,58;53,26;53,49;28.883;1.543.162
2021-01-08;53,40;53,45;53,22;53,30;63.941;3.408.534
2021-01-07;52,46;52,92;52,38;52,81;21.208;1.115.599
2021-01-06;51,73;52,55;51,54;52,41;26.725;1.384.626
2021-01-05;51,65;51,90;51,47;51,86;62.368;3.225.955
2021-01-04;52,40;52,43;51,50;51,56;95.601;4.990.635
2020-12-30;51,93;52,03;51,83;51,83;10.520;546.391
2020-12-29;51,98;52,08;51,73;51,82;27.299;1.417.068
2020-12-28;51,73;51,93;51,60;51,80;30.233;1.565.045
2020-12-23;51,45;51,58;51,37;51,53;12.313;634.231
2020-12-22;51,03;51,38;51,03;51,27;18.502;947.220
2020-12-21;51,36;51,37;50,52;50,88;46.473;2.358.154
2020-12-18;51,52;51,68;51,43;51,50;150.055;7.746.276
2020-12-17;51,64;51,72;51,55;51,58;9.048;467.378
2020-12-16;51,54;51,57;51,31;51,57;8.418;433.440
2020-12-15;51,12;51,29;51,11;51,22;21.530;1.102.140
2020-12-14;51,33;51,45;51,26;51,26;13.896;713.732
2020-12-11;51,29;51,29;50,75;51,01;9.188;468.872
2020-12-10;51,39;51,42;50,96;51,36;9.928;509.736
2020-12-09;51,69;51,78;51,59;51,65;14.907;771.512
2020-12-08;51,39;51,50;51,09;51,50;11.141;571.827
2020-12-07;51,32;51,39;51,20;51,39;20.681;1.060.615
2020-12-04;51,16;51,38;51,05;51,38;4.166;213.074
2020-12-03;51,02;51,10;50,91;51,08;12.170;620.942
2020-12-02;51,00;51,11;50,86;51,01;8.679;442.903
2020-12-01;51,41;51,55;51,16;51,26;48.438;2.487.651
2020-11-30;50,96;51,21;50,78;50,80;16.481;841.150
2020-11-27;51,38;51,55;51,31;51,42;8.113;417.599
2020-11-26;51,42;51,51;51,16;51,42;20.612;1.058.682
2020-11-25;51,45;51,45;51,21;51,34;41.534;2.130.013
2020-11-24;51,28;51,47;51,18;51,44;9.384;481.120
2020-11-23;50,87;51,02;50,71;50,81;12.808;651.401
2020-11-20;50,52;50,81;50,48;50,81;15.059;763.755
2020-11-19;50,55;50,59;50,36;50,54;19.005;959.255
2020-11-18;50,66;51,09;50,66;50,98;10.994;559.757
2020-11-17;50,95;50,96;50,48;50,83;17.204;872.730
2020-11-16;50,75;51,13;50,75;50,99;51.311;2.612.925
2020-11-13;50,18;50,37;50,12;50,23;10.882;546.944
2020-11-12;50,27;50,46;50,22;50,27;10.328;520.017
2020-11-11;50,19;50,67;50,15;50,60;12.905;651.382
2020-11-10;50,17;50,24;49,70;49,96;27.276;1.364.513
2020-11-09;49,665;51,14;49,65;50,68;34.050;1.714.251
2020-11-06;49,07;49,14;48,615;49,045;11.392;556.521
2020-11-05;49,135;49,36;48,945;49,235;34.570;1.698.590
2020-11-04;47,59;48,925;47,40;48,925;13.752;661.490
2020-11-03;47,335;47,82;47,255;47,82;9.528;452.702
2020-11-02;46,705;47,235;46,615;47,14;37.052;1.737.794
2020-10-30;46,235;46,725;46,18;46,45;25.067;1.165.407
2020-10-29;46,76;46,91;46,30;46,87;8.159;381.447
2020-10-28;47,31;47,31;46,405;46,52;24.437;1.141.436
2020-10-27;47,67;47,79;47,435;47,485;13.739;653.541
2020-10-26;47,76;47,99;47,48;47,48;9.913;473.084
2020-10-23;48,245;48,435;48,15;48,15;6.770;327.072
2020-10-22;47,815;48,11;47,705;48,01;9.550;457.470
2020-10-21;48,275;48,275;47,93;48,02;14.480;694.734
2020-10-20;48,445;48,54;48,13;48,19;81.794;3.950.135
2020-10-19;49,245;49,285;48,615;48,70;14.077;689.695
2020-10-16;48,96;49,265;48,86;49,115;11.361;557.631
2020-10-15;48,77;48,77;48,43;48,685;21.722;1.055.931
2020-10-14;49,39;49,485;49,18;49,235;4.452;219.765
2020-10-13;49,315;49,415;49,20;49,39;31.841;1.571.708
2020-10-12;48,79;49,26;48,79;49,245;12.172;596.740
2020-10-09;48,60;48,655;48,475;48,615;11.460;556.260
2020-10-08;48,385;48,545;48,305;48,40;17.206;833.095
2020-10-07;47,83;48,045;47,77;48,025;9.695;464.742
2020-10-06;47,84;47,985;47,715;47,895;6.488;310.886
2020-10-05;47,73;47,78;47,535;47,72;13.717;653.330
2020-10-02;47,08;47,57;47,02;47,475;23.921;1.130.382
2020-10-01;47,755;47,805;47,57;47,64;15.117;721.714
2020-09-30;46,95;47,58;46,95;47,525;5.259;248.693
2020-09-29;47,57;47,57;47,165;47,205;11.642;551.218
2020-09-28;47,30;47,575;47,26;47,565;2.545;120.830
2020-09-25;46,38;46,645;46,09;46,635;4.673;216.453
2020-09-24;46,21;46,42;46,00;46,40;21.965;1.016.106
2020-09-23;47,00;47,265;46,91;46,91;12.991;612.087
2020-09-22;46,45;46,775;46,45;46,58;17.776;829.063
2020-09-21;46,725;46,725;45,955;46,15;5.599;259.978
2020-09-18;47,32;47,54;47,065;47,065;3.005;142.247
2020-09-17;47,29;47,56;47,14;47,43;4.427;209.670
2020-09-16;47,865;48,035;47,845;48,035;8.396;402.508
2020-09-15;47,495;47,905;47,415;47,87;14.600;695.392
2020-09-14;47,47;47,47;47,14;47,445;4.836;229.062
2020-09-11;47,17;47,235;46,89;47,03;5.088;239.701
2020-09-10;47,565;47,565;47,215;47,215;1.671;79.165
2020-09-09;46,94;47,54;46,94;47,54;17.470;826.368
2020-09-08;47,92;47,955;46,92;47,025;10.906;515.557
2020-09-07;47,44;47,875;47,44;47,825;15.107;719.045
2020-09-04;47,68;48,21;46,95;47,125;12.627;603.159
2020-09-03;49,53;49,575;48,095;48,095;4.740;233.836
2020-09-02;48,64;49,175;48,64;49,00;12.092;592.765
2020-09-01;48,245;48,335;47,905;48,235;20.188;973.021
2020-08-31;48,59;48,59;48,005;48,015;8.145;393.071
2020-08-28;48,525;48,525;48,225;48,31;6.235;301.066
2020-08-27;48,50;48,705;48,395;48,645;6.906;335.024
2020-08-26;48,095;48,385;48,095;48,375;4.557;219.799
2020-08-25;48,20;48,355;47,94;48,00;5.314;256.319
2020-08-24;47,90;48,04;47,825;47,95;15.242;730.901
2020-08-21;47,435;47,545;47,245;47,50;7.640;362.723
2020-08-20;47,005;47,17;47,005;47,17;4.095;192.857
2020-08-19;47,20;47,435;47,195;47,435;3.595;170.125
2020-08-18;47,225;47,455;47,00;47,185;2.583;121.883
2020-08-17;47,375;47,395;47,235;47,395;18.886;894.037
2020-08-14;47,44;47,44;47,09;47,30;581;27.444
2020-08-13;47,405;47,57;47,30;47,47;26.032;1.235.748
2020-08-12;47,40;47,615;47,40;47,615;1.582;75.078
2020-08-11;47,42;47,565;47,30;47,44;3.141;149.083
2020-08-10;47,015;47,135;46,845;46,995;6.159;289.458
2020-08-07;46,66;46,97;46,61;46,895;5.229;245.271
2020-08-06;46,58;46,785;46,42;46,585;12.500;582.251
2020-08-05;46,735;46,795;46,485;46,58;13.093;611.477
2020-08-04;46,685;46,685;46,365;46,575;5.291;246.073
2020-08-03;46,08;46,56;45,92;46,54;26.445;1.222.633
2020-07-31;45,675;45,94;45,45;45,54;6.469;295.597
2020-07-30;46,20;46,20;45,41;45,765;5.747;263.216
2020-07-29;46,13;46,26;46,07;46,215;3.723;171.887
2020-07-28;46,285;46,355;46,065;46,315;4.784;221.221
2020-07-27;46,115;46,155;45,835;45,96;8.301;382.257
2020-07-24;46,22;46,505;46,085;46,23;4.445;205.446
2020-07-23;47,295;47,43;47,085;47,11;2.308;109.096
2020-07-22;47,295;47,295;46,90;47,045;7.760;364.878
2020-07-21;47,725;47,955;47,55;47,605;5.243;250.669
2020-07-20;46,775;47,305;46,71;47,265;13.628;642.888
2020-07-17;47,08;47,105;46,92;47,005;7.153;336.494
2020-07-16;46,935;47,025;46,805;46,84;23.146;1.084.886
2020-07-15;47,145;47,42;46,93;47,22;22.747;1.075.328
2020-07-14;46,725;46,725;46,115;46,515;8.816;410.040
2020-07-13;47,295;47,48;47,185;47,475;17.710;837.670
2020-07-10;46,44;46,81;46,44;46,79;29.486;1.376.186
2020-07-09;46,785;46,945;46,30;46,30;22.683;1.054.235
2020-07-08;46,785;46,845;46,44;46,53;7.747;361.540
2020-07-07;46,76;47,045;46,615;46,985;7.108;332.449
2020-07-06;46,92;47,095;46,825;47,075;33.088;1.554.559
2020-07-03;46,68;46,68;46,26;46,39;27.069;1.257.520
2020-07-02;46,065;46,715;46,065;46,58;9.466;438.836
2020-07-01;45,795;46,025;45,60;45,775;14.839;680.303
2020-06-30;45,50;45,59;45,28;45,53;36.448;1.655.723
2020-06-29;44,945;45,23;44,70;45,20;3.929;176.848
2020-06-26;45,815;45,925;45,095;45,195;24.707;1.123.036
2020-06-25;45,05;45,435;44,91;45,33;15.187;687.139
2020-06-24;46,08;46,18;45,19;45,19;31.098;1.415.853
2020-06-23;46,165;46,415;46,035;46,325;14.733;681.917
2020-06-22;45,885;46,065;45,80;45,905;23.061;1.059.065
2020-06-19;46,315;46,49;46,23;46,44;3.253;150.942
2020-06-18;45,97;46,10;45,815;46,04;8.471;389.649
2020-06-17;46,01;46,425;46,01;46,215;21.970;1.016.502
2020-06-16;45,465;46,37;45,395;45,905;21.020;965.477
2020-06-15;43,695;44,595;43,62;44,485;69.125;3.042.632
2020-06-12;44,56;45,33;44,425;44,92;17.568;790.859
2020-06-11;45,605;45,61;44,805;44,805;15.677;711.157
2020-06-10;46,95;46,95;46,39;46,46;12.803;597.361
2020-06-09;47,245;47,245;46,48;46,62;9.958;465.078
2020-06-08;46,635;47,04;46,63;46,945;11.625;544.526
2020-06-05;45,82;46,955;45,82;46,955;20.685;956.156
2020-06-04;45,985;46,105;45,585;45,66;24.486;1.122.670
2020-06-03;45,73;46,175;45,70;46,17;24.459;1.120.674
2020-06-02;45,36;45,595;45,30;45,415;30.604;1.389.291
2020-05-29;44,75;44,80;44,47;44,47;8.865;396.298
2020-05-28;45,275;45,395;45,12;45,30;8.277;374.583
2020-05-27;45,075;45,36;44,455;44,76;9.861;444.254
2020-05-26;45,15;45,15;44,875;44,895;10.058;452.582
2020-05-25;44,505;44,85;44,42;44,85;18.372;820.556
2020-05-22;43,665;44,165;43,58;44,025;9.454;415.456
2020-05-21;44,045;44,285;43,98;44,035;4.724;208.203
2020-05-20;44,03;44,495;44,00;44,45;7.142;316.213
2020-05-19;44,46;44,46;43,915;44,28;25.655;1.134.269
2020-05-18;43,65;44,435;43,65;44,435;10.510;461.241
2020-05-15;43,40;43,41;42,68;42,865;39.303;1.692.266
2020-05-14;42,855;42,98;42,10;42,67;14.844;632.301
2020-05-13;43,55;43,59;43,13;43,13;12.948;562.245
2020-05-12;44,025;44,34;44,025;44,17;27.858;1.232.402
2020-05-11;44,45;44,535;43,86;44,195;54.453;2.400.433
2020-05-08;44,085;44,20;43,88;44,085;14.993;659.780
2020-05-07;43,46;43,81;43,46;43,805;20.810;908.619
2020-05-06;43,59;43,765;43,275;43,325;10.842;471.682
2020-05-05;42,95;43,50;42,85;43,50;47.708;2.058.820
2020-05-04;42,155;42,415;41,975;42,255;37.470;1.579.943
2020-04-30;44,62;44,68;43,635;43,635;43.848;1.934.836
2020-04-29;43,875;44,475;43,72;44,38;20.569;904.691
2020-04-28;43,43;44,015;43,385;43,64;19.690;860.586
2020-04-27;43,07;43,33;42,99;43,33;12.293;529.988
2020-04-24;42,405;42,775;42,32;42,41;13.098;556.867
2020-04-23;42,54;43,005;42,30;42,805;47.147;2.008.420
2020-04-22;41,78;42,26;41,70;42,26;41.571;1.742.935
2020-04-21;42,54;42,54;41,345;41,41;88.023;3.696.871
2020-04-20;43,06;43,085;42,40;43,085;81.099;3.471.921
2020-04-17;43,22;43,44;42,615;42,71;67.563;2.910.944
2020-04-16;42,225;42,23;41,62;42,145;77.281;3.245.216
2020-04-15;42,50;42,50;41,57;41,66;66.159;2.786.079
2020-04-14;42,415;42,655;42,14;42,34;53.239;2.256.329
2020-04-09;41,935;42,35;41,315;42,05;71.264;2.984.091
2020-04-08;40,665;41,28;40,375;41,28;42.430;1.728.146
2020-04-07;41,34;41,76;40,835;41,375;92.858;3.843.196
2020-04-06;39,825;40,24;39,68;40,13;90.192;3.606.548
2020-04-03;38,68;39,095;38,43;38,43;93.710;3.629.702
2020-04-02;38,42;38,88;37,74;38,67;102.236;3.911.051
2020-04-01;38,305;38,555;38,00;38,295;64.856;2.481.781
2020-03-31;39,65;39,93;39,225;39,89;89.352;3.544.316
2020-03-30;38,575;39,28;37,89;39,185;135.455;5.259.119
2020-03-27;39,07;39,20;38,29;38,50;64.351;2.484.799
2020-03-26;37,84;39,59;37,50;39,59;31.630;1.215.424
2020-03-25;38,51;39,01;37,49;38,845;132.370;5.069.237
2020-03-24;36,54;37,77;36,085;37,77;120.264;4.437.580
2020-03-23;34,955;36,555;34,385;34,84;86.052;3.015.306
2020-03-20;38,19;38,65;36,80;37,04;69.758;2.621.215
2020-03-19;36,12;37,13;35,365;36,73;41.613;1.502.530
2020-03-18;36,31;36,765;35,235;35,905;118.800;4.289.628
2020-03-17;37,465;38,11;35,13;37,455;32.742;1.209.799
2020-03-16;37,305;37,45;35,00;36,98;76.398;2.782.879
2020-03-13;38,61;39,655;37,465;38,095;74.030;2.849.572
2020-03-12;39,135;39,135;37,05;37,365;36.594;1.403.461
2020-03-11;41,65;42,005;41,00;41,17;124.251;5.141.622
2020-03-10;41,685;42,775;40,655;41,045;198.508;8.264.579
2020-03-09;41,27;41,94;40,32;41,005;112.504;4.647.819
2020-03-06;45,05;45,05;43,58;44,055;61.847;2.732.101
2020-03-05;46,735;46,735;45,68;46,07;36.701;1.693.813
2020-03-04;45,90;46,615;45,88;46,31;24.454;1.133.702
2020-03-03;46,28;46,765;45,78;45,925;81.430;3.778.160
2020-03-02;45,705;45,705;44,31;45,495;174.494;7.884.965
2020-02-28;45,355;45,38;44,345;44,945;87.777;3.938.866
2020-02-27;47,625;47,85;46,29;46,825;41.685;1.969.016
2020-02-26;48,615;49,10;47,805;48,845;52.596;2.554.568
2020-02-25;50,15;50,15;48,965;49,04;88.619;4.393.538
2020-02-24;50,46;50,46;49,725;49,755;34.635;1.734.186
2020-02-21;51,76;51,90;51,29;51,51;14.433;745.738
2020-02-20;52,38;52,38;51,84;51,84;8.416;439.525
2020-02-19;52,27;52,47;52,23;52,47;10.341;541.408
2020-02-18;51,88;52,16;51,84;51,93;16.964;881.268
2020-02-17;52,31;52,33;52,20;52,29;16.186;846.238
2020-02-14;52,21;52,27;52,04;52,13;15.986;833.924
2020-02-13;51,85;52,14;51,58;52,14;14.299;742.495
2020-02-12;51,80;52,00;51,72;52,00;4.741;245.931
2020-02-11;51,67;51,82;51,55;51,70;8.950;462.010
2020-02-10;51,00;51,26;50,89;51,26;8.970;457.356
2020-02-07;51,13;51,19;50,86;51,09;15.072;769.519
2020-02-06;51,24;51,27;50,99;51,19;11.373;581.564
2020-02-05;50,80;50,98;50,73;50,81;19.569;991.013
2020-02-04;49,805;50,40;49,805;50,40;11.463;574.798
2020-02-03;49,285;49,64;49,115;49,385;76.635;3.780.183
2020-01-31;49,96;49,96;49,085;49,085;39.294;1.946.095
2020-01-30;49,64;49,805;49,50;49,65;9.895;491.367
2020-01-29;50,23;50,42;50,23;50,29;10.303;518.710
2020-01-28;49,855;50,17;49,57;50,12;18.269;911.602
2020-01-27;49,915;49,995;49,39;49,63;37.768;1.877.281
2020-01-24;50,92;51,08;50,78;50,78;13.382;682.821
2020-01-23;50,57;50,65;50,41;50,56;11.433;577.836
2020-01-22;50,87;50,96;50,73;50,73;10.427;530.119
2020-01-21;50,50;50,68;50,42;50,67;28.473;1.436.872
2020-01-20;50,76;50,88;50,72;50,84;44.478;2.259.895
2020-01-17;50,61;50,85;50,58;50,79;6.355;322.605
2020-01-16;50,27;50,40;50,23;50,39;14.010;704.559
2020-01-15;50,20;50,22;50,00;50,19;22.930;1.149.332
2020-01-14;50,09;50,28;49,95;50,21;16.629;832.870
2020-01-13;50,06;50,15;49,945;50,04;8.862;443.786
2020-01-10;50,22;50,28;50,04;50,04;10.391;521.715
2020-01-09;50,07;50,09;49,995;50,08;11.105;555.819
2020-01-08;49,345;49,705;49,315;49,705;73.147;3.618.243
2020-01-07;49,455;49,58;49,40;49,535;12.215;604.559
2020-01-06;49,205;49,255;48,92;49,225;16.623;816.200
2020-01-03;49,405;49,485;49,175;49,425;39.381;1.942.935
2020-01-02;49,36;49,675;49,36;49,485;51.419;2.545.589
2019-12-30;49,45;49,45;49,28;49,39;14.763;729.010
2019-12-27;49,73;49,76;49,46;49,52;135.442;6.712.976
2019-12-23;49,52;49,64;49,50;49,50;13.366;662.298
2019-12-20;49,17;49,58;49,135;49,58;15.131;746.968
2019-12-19;49,025;49,12;48,96;49,095;8.570;420.468
2019-12-18;48,915;49,07;48,915;49,035;11.160;546.732
2019-12-17;48,955;48,965;48,79;48,88;14.897;728.169
2019-12-16;48,735;49,025;48,735;48,99;38.337;1.874.854
2019-12-13;48,585;48,65;48,37;48,495;10.768;522.627
2019-12-12;48,13;48,485;47,98;48,395;2.678;129.328
2019-12-11;48,115;48,18;48,065;48,10;3.281;157.949
2019-12-10;48,055;48,075;47,83;48,075;11.170;535.653
2019-12-09;48,35;48,35;48,195;48,205;6.328;305.576
2019-12-06;47,875;48,395;47,86;48,395;5.835;281.232
2019-12-05;47,90;47,90;47,65;47,66;7.999;382.551
2019-12-04;47,345;47,81;47,345;47,81;232.296;11.086.532
2019-12-03;47,795;47,82;47,11;47,215;7.970;378.673
2019-12-02;48,475;48,60;47,59;47,59;36.546;1.765.316
2019-11-29;48,39;48,545;48,36;48,36;65.326;3.167.275
2019-11-28;48,525;48,59;48,49;48,57;5.184;251.573
2019-11-27;48,59;48,615;48,50;48,615;7.925;384.921
2019-11-26;48,33;48,395;48,29;48,335;12.175;588.643
2019-11-25;48,125;48,355;48,115;48,355;6.924;334.250
2019-11-22;47,75;47,89;47,75;47,835;3.222;154.087
2019-11-21;47,575;47,685;47,55;47,60;8.140;387.394
2019-11-20;47,76;47,90;47,665;47,85;10.879;519.290
2019-11-19;48,045;48,17;47,855;47,895;44.462;2.137.012
2019-11-18;48,06;48,10;47,815;47,915;51.192;2.454.168
2019-11-15;48,01;48,01;47,855;48,01;11.780;564.805
2019-11-14;47,865;47,915;47,75;47,75;21.091;1.009.291
2019-11-13;47,85;47,885;47,66;47,855;13.670;653.029
2019-11-12;47,905;48,085;47,795;48,005;15.190;726.714
2019-11-11;47,675;47,765;47,58;47,72;4.861;231.784
2019-11-08;47,75;47,885;47,72;47,84;5.269;251.886
2019-11-07;47,81;47,985;47,73;47,975;39.039;1.864.657
2019-11-06;47,525;47,595;47,45;47,595;9.036;429.653
2019-11-05;47,40;47,63;47,40;47,63;7.118;338.138
2019-11-04;47,135;47,37;47,10;47,33;15.781;745.264
2019-11-01;46,68;46,93;46,505;46,88;9.370;438.225
2019-10-31;46,715;46,75;46,44;46,44;14.559;679.249
2019-10-30;46,69;46,775;46,595;46,665;10.777;502.932
2019-10-29;46,85;46,85;46,73;46,80;8.284;387.723
2019-10-28;46,685;46,905;46,66;46,82;10.010;468.202
2019-10-25;46,40;46,645;46,295;46,645;3.965;183.815
2019-10-24;46,26;46,455;46,20;46,455;5.250;243.177
2019-10-23;46,035;46,20;46,01;46,19;3.428;157.943
2019-10-22;46,175;46,27;46,08;46,21;7.163;330.984
2019-10-21;45,855;46,115;45,855;46,065;14.116;648.752
2019-10-18;45,98;46,00;45,835;45,835;6.155;282.794
2019-10-17;46,075;46,21;46,025;46,025;5.861;270.384
2019-10-16;46,235;46,285;46,16;46,16;39.768;1.837.751
2019-10-15;46,13;46,36;46,03;46,305;15.493;716.236
2019-10-14;46,015;46,015;45,81;45,97;24.120;1.107.044
2019-10-11;45,625;46,205;45,61;46,205;107.932;4.964.849
2019-10-10;45,13;45,515;44,99;45,515;26.084;1.177.656
2019-10-09;44,935;45,195;44,935;45,17;51.152;2.307.792
2019-10-08;45,545;45,545;45,01;45,015;39.011;1.760.324
2019-10-07;45,38;45,555;45,365;45,555;46.724;2.125.025
2019-10-04;45,025;45,365;44,90;45,365;21.036;949.847
2019-10-02;45,745;45,745;44,755;44,755;10.001;452.881
2019-10-01;46,575;46,575;45,92;45,925;5.516;256.143
2019-09-30;46,165;46,34;46,165;46,34;3.034;140.238
2019-09-27;46,325;46,405;46,14;46,26;10.885;503.220
2019-09-26;46,115;46,42;46,10;46,16;16.151;747.230
2019-09-25;45,895;46,05;45,665;46,015;4.255;195.133
2019-09-24;46,35;46,39;46,105;46,105;8.285;383.900
2019-09-23;46,31;46,31;46,085;46,20;2.749;127.020
2019-09-20;46,225;46,47;46,16;46,435;5.248;243.093
2019-09-19;46,01;46,375;46,01;46,375;5.323;245.966
2019-09-18;46,09;46,14;45,99;45,99;7.093;326.809
2019-09-17;46,16;46,19;46,005;46,065;2.908;134.119
2019-09-16;45,985;46,33;45,935;46,275;7.002;322.387
2019-09-13;46,15;46,315;46,135;46,25;3.830;177.018
2019-09-12;46,29;46,585;46,07;46,225;76.950;3.551.885
2019-09-11;45,805;46,13;45,795;46,13;2.670;122.421
2019-09-10;45,62;45,68;45,49;45,525;1.686;76.811
2019-09-09;45,905;45,905;45,69;45,725;5.433;249.009
2019-09-06;45,655;45,77;45,585;45,74;24.033;1.098.544
2019-09-05;45,475;45,64;45,38;45,64;11.710;532.931
2019-09-04;45,145;45,21;45,005;45,085;3.472;156.612
2019-09-03;44,865;44,95;44,80;44,845;6.846;307.307
2019-09-02;44,90;45,10;44,89;44,955;6.752;303.589
2019-08-30;44,75;45,03;44,75;44,92;23.641;1.063.548
2019-08-29;43,975;44,635;43,975;44,635;8.448;373.847
2019-08-28;43,89;44,03;43,70;44,03;2.219;97.338
2019-08-27;43,765;44,125;43,73;44,005;12.840;562.309
2019-08-26;43,65;43,865;43,59;43,795;23.621;1.033.374
2019-08-23;44,62;44,715;43,685;43,685;8.820;392.458
2019-08-22;44,515;44,65;44,36;44,385;6.297;280.522
2019-08-21;44,34;44,56;44,335;44,55;8.629;383.537
2019-08-20;44,555;44,61;44,275;44,34;5.198;230.959
2019-08-19;44,42;44,485;44,345;44,46;2.385;105.960
2019-08-16;43,575;43,96;43,575;43,96;2.602;113.940
2019-08-15;43,455;43,455;42,85;43,375;16.117;697.470
2019-08-14;44,125;44,125;43,355;43,375;13.789;600.739
2019-08-13;43,47;44,095;43,25;44,085;7.768;337.875
2019-08-12;44,195;44,295;43,58;43,58;4.083;179.670
2019-08-09;44,26;44,26;43,76;43,825;7.487;330.368
2019-08-08;43,765;44,14;43,625;44,14;31.100;1.363.567
2019-08-07;43,455;43,75;42,715;43,21;7.908;343.617
2019-08-06;43,14;43,55;43,07;43,145;12.324;533.975
2019-08-05;44,225;44,245;43,325;43,395;12.240;539.401
2019-08-02;44,98;45,095;44,535;44,61;47.683;2.140.486
2019-08-01;45,705;46,075;45,705;46,075;12.282;563.991
2019-07-31;45,715;45,845;45,715;45,825;12.235;560.481
2019-07-30;46,04;46,055;45,625;45,735;4.533;208.177
2019-07-29;46,07;46,205;45,99;46,02;6.179;284.798
2019-07-26;45,95;46,12;45,895;46,12;5.946;273.265
2019-07-25;46,245;46,33;45,765;45,865;29.433;1.353.351
2019-07-24;45,955;46,03;45,90;46,02;16.721;769.077
2019-07-23;45,74;45,895;45,665;45,815;44.550;2.041.724
2019-07-22;45,415;45,565;45,415;45,475;6.237;283.585
2019-07-19;45,615;45,72;45,575;45,615;4.653;212.378
2019-07-18;45,20;45,455;45,20;45,31;26.173;1.187.715
2019-07-17;45,77;45,785;45,53;45,55;13.155;600.148
2019-07-16;45,66;45,835;45,635;45,77;4.492;205.475
2019-07-15;45,595;45,665;45,50;45,615;41.176;1.878.288
2019-07-12;45,45;45,565;45,45;45,51;2.578;117.314
2019-07-11;45,49;45,50;45,35;45,425;2.517;114.446
2019-07-10;45,28;45,60;45,24;45,375;10.702;484.917
2019-07-09;45,165;45,345;45,135;45,32;33.791;1.527.909
2019-07-08;45,385;45,46;45,335;45,37;16.605;754.109
2019-07-05;45,605;45,605;45,34;45,46;12.900;585.675
2019-07-04;45,555;45,61;45,505;45,585;7.465;339.876
2019-07-03;45,205;45,475;45,205;45,475;5.754;260.984
2019-07-02;45,105;45,15;45,02;45,05;5.853;263.825
2019-07-01;45,135;45,135;44,98;45,01;6.049;272.544
2019-06-28;44,255;44,36;44,23;44,315;41.241;1.825.615
2019-06-27;44,345;44,345;44,11;44,13;14.782;653.788
2019-06-26;44,12;44,30;44,07;44,075;2.836;125.242
2019-06-25;44,195;44,32;44,195;44,20;1.655;73.207
2019-06-24;44,515;44,515;44,37;44,38;4.224;187.726
2019-06-21;44,80;44,80;44,605;44,715;7.374;329.622
2019-06-20;44,85;44,91;44,735;44,775;17.636;790.912
2019-06-19;44,645;44,665;44,555;44,56;9.794;437.000
2019-06-18;43,93;44,725;43,84;44,655;20.546;916.929
2019-06-17;44,025;44,025;43,835;43,93;17.662;776.644
2019-06-14;43,765;43,91;43,725;43,89;1.214;53.174
2019-06-13;43,64;43,915;43,60;43,795;41.805;1.835.376
2019-06-12;43,57;43,675;43,55;43,64;4.502;196.292
2019-06-11;43,775;44,065;43,775;43,83;42.692;1.873.677
2019-06-07;43,27;43,465;43,205;43,40;7.996;346.261
2019-06-06;43,125;43,285;43,00;43,00;3.007;129.946
2019-06-05;42,86;43,05;42,805;42,95;59.957;2.568.695
2019-06-04;42,105;42,715;42,105;42,715;7.616;322.839
2019-06-03;42,385;42,53;42,24;42,455;17.491;741.196
2019-05-31;42,615;42,66;42,395;42,66;14.617;621.939
2019-05-30;42,985;43,105;42,90;42,94;5.249;225.543
2019-05-29;42,87;42,87;42,72;42,755;133.619;5.716.297
2019-05-28;43,375;43,375;43,155;43,205;73.181;3.164.701
2019-05-27;43,335;43,36;43,215;43,245;7.233;313.349
2019-05-24;43,195;43,33;43,07;43,12;3.445;148.999
2019-05-23;43,465;43,465;43,07;43,085;2.755;119.208
2019-05-22;43,755;43,755;43,51;43,69;11.309;493.813
2019-05-21;43,71;43,775;43,64;43,775;7.334;320.761
2019-05-20;43,845;43,87;43,36;43,415;9.040;394.536
2019-05-17;43,805;44,00;43,575;43,905;11.856;518.016
2019-05-16;43,475;44,11;43,44;44,11;18.755;816.494
2019-05-15;43,43;43,53;43,095;43,53;21.171;914.639
2019-05-14;42,985;43,415;42,935;43,415;13.119;565.709
2019-05-13;43,48;43,48;42,805;42,805;21.384;921.428
2019-05-10;43,76;43,76;43,205;43,205;2.828;123.193
2019-05-09;43,815;43,815;43,185;43,265;19.312;841.535
2019-05-08;44,11;44,205;43,88;44,055;3.057;134.779
2019-05-07;44,695;44,705;44,14;44,175;17.686;788.461
2019-05-06;44,34;44,615;44,125;44,615;9.781;434.007
2019-05-03;44,935;45,125;44,935;45,065;9.576;430.895
2019-05-02;44,885;44,885;44,705;44,705;7.543;338.086
2019-04-30;45,045;45,045;44,79;44,90;6.410;287.964
2019-04-29;45,095;45,285;45,09;45,155;6.152;277.752
2019-04-26;44,945;45,05;44,88;45,01;8.639;388.163
2019-04-25;44,995;45,07;44,75;44,995;11.740;527.656
2019-04-24;44,945;44,955;44,835;44,95;16.282;730.767
2019-04-23;44,605;44,895;44,52;44,895;9.589;427.608
2019-04-18;44,245;44,585;44,24;44,525;70.760;3.145.019
2019-04-17;44,41;44,595;44,325;44,325;56.658;2.518.892
2019-04-16;44,35;44,485;44,35;44,44;2.343;104.187
2019-04-15;44,32;44,325;44,21;44,23;4.301;190.544
2019-04-12;44,165;44,23;44,105;44,23;6.388;281.855
2019-04-11;44,21;44,265;44,065;44,195;3.668;161.935
2019-04-10;44,185;44,285;44,185;44,215;1.302;57.590
2019-04-09;44,35;44,35;44,08;44,11;4.322;191.094
2019-04-08;44,345;44,345;44,12;44,25;4.989;220.849
2019-04-05;44,32;44,465;44,27;44,405;5.069;224.609
2019-04-04;44,15;44,305;44,09;44,205;6.964;307.769
2019-04-03;44,26;44,295;44,145;44,28;3.812;168.639
2019-04-02;43,94;44,095;43,94;44,07;12.431;546.982
2019-04-01;43,775;43,935;43,72;43,93;9.374;410.818
2019-03-29;43,37;43,42;43,295;43,42;3.946;171.214
2019-03-28;43,045;43,20;43,005;43,045;3.640;156.804
2019-03-27;43,31;43,31;42,81;42,935;2.052;88.107
2019-03-26;42,825;43,20;42,825;43,045;39.353;1.695.997
2019-03-25;42,67;42,715;42,57;42,66;23.186;989.038
2019-03-22;43,37;43,43;42,93;42,93;88.495;3.831.273
2019-03-21;42,89;43,315;42,79;43,24;62.905;2.720.961
2019-03-20;43,285;43,29;42,97;42,97;5.717;246.383
2019-03-19;43,35;43,475;43,29;43,44;2.579;111.838
2019-03-18;43,18;43,24;43,10;43,19;3.684;159.053
2019-03-15;42,91;43,20;42,91;43,20;4.416;189.919
2019-03-14;42,90;42,995;42,85;42,945;3.668;157.509
2019-03-13;42,61;42,94;42,61;42,925;1.748;74.719
2019-03-12;42,79;42,855;42,73;42,74;4.963;212.365
2019-03-11;42,305;42,72;42,285;42,72;6.024;255.360
2019-03-08;42,195;42,35;42,01;42,065;6.464;272.535
2019-03-07;42,475;42,605;42,315;42,56;5.184;219.638
2019-03-06;42,705;42,82;42,56;42,615;17.886;763.892
2019-03-05;42,725;42,825;42,635;42,825;10.631;454.138
2019-03-04;42,75;42,915;42,68;42,68;14.907;637.927
2019-03-01;42,605;42,71;42,49;42,49;8.202;349.678
2019-02-28;42,375;42,455;42,285;42,415;9.009;381.600
2019-02-27;42,41;42,545;42,335;42,50;1.365;57.898
2019-02-26;42,47;42,695;42,44;42,665;4.783;203.783
2019-02-25;42,805;42,875;42,66;42,79;152.390;6.507.579
2019-02-22;42,44;42,615;42,44;42,615;33.142;1.408.828
2019-02-21;42,58;42,58;42,24;42,36;31.549;1.334.262
2019-02-20;42,365;42,465;42,30;42,41;4.924;208.774
2019-02-19;42,36;42,36;42,21;42,295;7.940;335.605
2019-02-18;42,36;42,375;42,23;42,29;3.939;166.792
2019-02-15;41,79;42,36;41,78;42,28;4.152;175.293
2019-02-14;42,095;42,305;41,715;41,795;19.764;828.129
2019-02-13;41,90;42,115;41,825;41,955;5.778;242.448
2019-02-12;41,755;41,845;41,75;41,775;2.416;100.996
2019-02-11;41,255;41,565;41,255;41,465;10.696;443.945
2019-02-08;41,155;41,295;41,005;41,005;17.125;703.883
2019-02-07;41,575;41,645;41,065;41,065;2.605;108.054
2019-02-06;41,555;41,715;41,555;41,615;6.331;263.458
2019-02-05;41,30;41,625;41,27;41,625;2.682;111.087
2019-02-04;41,07;41,165;40,915;41,16;8.822;361.967
2019-02-01;41,055;41,10;40,895;41,015;2.217;90.923
2019-01-31;40,80;40,965;40,635;40,965;2.297;93.634
2019-01-30;40,37;40,64;40,355;40,64;6.831;276.685
2019-01-29;40,20;40,44;40,145;40,27;1.818;73.387
2019-01-28;40,52;40,52;40,13;40,13;5.536;223.157
2019-01-25;40,705;40,765;40,645;40,67;6.455;262.771
2019-01-24;40,23;40,49;40,21;40,425;7.002;283.270
2019-01-23;40,155;40,535;40,135;40,135;1.967;79.379
2019-01-22;40,445;40,495;40,31;40,395;15.605;630.090
2019-01-21;40,615;40,625;40,50;40,60;21.031;852.453
2019-01-18;40,23;40,77;40,23;40,77;65.905;2.662.359
2019-01-17;39,76;40,03;39,70;40,015;26.506;1.058.567
2019-01-16;39,915;40,02;39,775;40,01;13.422;534.513
2019-01-15;39,555;39,745;39,445;39,715;6.166;244.205
2019-01-14;39,14;39,305;39,09;39,23;2.370;92.881
2019-01-11;39,335;39,385;39,155;39,385;8.401;330.229
2019-01-10;38,89;39,285;38,80;39,285;4.620;179.943
2019-01-09;39,19;39,38;39,13;39,13;20.800;818.792
2019-01-08;38,865;39,205;38,865;38,875;4.064;158.619
2019-01-07;38,74;38,75;38,475;38,75;7.749;299.365
2019-01-04;37,975;38,635;37,855;38,53;4.887;185.921
2019-01-03;37,865;37,955;37,445;37,715;128.642;4.836.646
2019-01-02;37,485;38,24;37,285;38,18;9.045;339.194
2018-12-28;37,625;38,035;37,625;37,95;3.768;142.942
2018-12-27;37,855;37,855;36,955;37,18;1.263;47.245
2018-12-21;37,68;38,02;37,555;37,715;14.778;556.718
2018-12-20;37,89;38,055;37,80;37,80;3.841;145.740
2018-12-19;38,665;38,835;38,64;38,785;3.098;120.028
2018-12-18;38,88;38,98;38,80;38,85;1.875;72.891
2018-12-17;39,58;39,58;39,10;39,305;11.787;464.592
2018-12-14;39,61;39,865;39,61;39,81;2.950;117.468
2018-12-13;40,23;40,275;39,94;40,045;1.101;44.243
2018-12-12;39,955;40,34;39,895;40,215;1.799;71.793
2018-12-11;39,51;39,92;39,385;39,835;2.452;97.234
2018-12-10;39,425;39,53;38,875;39,005;1.990;78.542
2018-12-07;40,06;40,385;39,86;39,86;3.360;136.573
2018-12-06;40,35;40,35;39,55;39,57;11.175;458.928
2018-12-05;40,835;40,93;40,79;40,79;2.023;82.601
2018-12-04;41,59;41,59;41,43;41,465;895;37.601
2018-12-03;42,135;42,14;41,70;41,715;10.189;427.832
2018-11-30;40,99;41,24;40,93;41,165;2.764;113.452
2018-11-29;41,08;41,095;40,92;41,025;4.015;164.651
2018-11-28;40,85;40,86;40,78;40,805;1.165;47.553
2018-11-27;40,57;40,665;40,33;40,585;917;37.114
2018-11-26;40,225;40,49;40,225;40,33;36.461;1.473.233
2018-11-23;39,90;40,085;39,825;40,055;12.948;517.588
2018-11-22;39,855;39,90;39,72;39,72;3.635;144.806
2018-11-21;39,955;40,225;39,90;40,18;9.146;365.422
2018-11-20;40,08;40,14;39,71;39,88;4.160;166.509
2018-11-19;40,975;40,975;40,385;40,385;753;30.732
2018-11-16;40,99;40,99;40,685;40,79;4.658;190.514
2018-11-15;40,93;40,945;40,445;40,81;74.467;3.039.885
2018-11-14;40,965;41,29;40,85;40,855;3.770;154.875
2018-11-13;41,385;41,415;41,15;41,355;1.699;70.172
2018-11-12;41,85;41,85;41,14;41,205;6.137;255.270
2018-11-09;41,74;41,74;41,455;41,505;1.084;45.030
2018-11-08;41,805;41,825;41,645;41,75;2.730;114.046
2018-11-07;41,20;41,465;41,20;41,455;4.813;198.962
2018-11-06;41,065;41,105;40,935;41,025;14.205;582.097
2018-11-05;40,865;41,08;40,835;40,90;21.978;899.860
2018-11-02;41,30;41,35;40,86;40,86;33.504;1.379.629
2018-11-01;40,70;40,895;40,685;40,86;955;38.950
2018-10-31;40,515;40,94;40,51;40,785;31.546;1.290.639
2018-10-30;39,905;39,945;39,665;39,845;13.159;523.436
2018-10-29;39,875;40,30;39,84;39,955;9.242;371.185
2018-10-26;39,815;39,815;39,46;39,73;16.721;662.958
2018-10-25;39,72;40,325;39,72;40,325;13.010;519.716
2018-10-24;40,38;40,74;40,195;40,22;3.149;127.419
2018-10-23;40,34;40,43;39,97;40,12;13.605;546.676
2018-10-22;41,04;41,105;40,945;40,955;3.821;156.554
2018-10-19;41,20;41,24;41,045;41,06;3.382;139.165
2018-10-18;41,40;41,40;40,96;40,96;3.173;130.986
2018-10-17;41,525;41,525;41,205;41,225;3.434;142.029
2018-10-16;40,585;41,09;40,57;41,09;4.256;174.147
2018-10-15;40,525;40,665;40,35;40,665;14.874;602.295
2018-10-12;40,735;40,83;40,635;40,635;63.500;2.592.450
2018-10-11;40,815;40,86;40,46;40,46;4.396;178.695
2018-10-10;42,44;42,44;41,66;41,66;37.075;1.569.823
2018-10-09;42,445;42,505;42,32;42,505;3.361;142.550
2018-10-08;42,475;42,505;42,38;42,38;6.209;263.737
2018-10-05;42,83;42,83;42,52;42,52;7.296;311.517
2018-10-04;43,12;43,125;42,785;42,785;3.293;141.579
2018-10-02;43,155;43,155;43,06;43,125;2.785;120.051
2018-10-01;43,235;43,31;43,16;43,31;4.120;178.080
2018-09-28;43,035;43,06;42,96;42,96;3.184;137.030
2018-09-27;42,68;43,00;42,61;43,00;3.275;140.196
2018-09-26;42,645;42,75;42,645;42,73;981;41.903
2018-09-25;42,58;42,60;42,535;42,60;2.648;112.731
2018-09-24;42,605;42,615;42,35;42,435;4.905;208.318
2018-09-21;42,695;42,81;42,685;42,81;1.136;48.564
2018-09-20;42,595;42,615;42,525;42,615;559;23.792
2018-09-19;42,515;42,65;42,43;42,57;1.460;61.986
2018-09-18;42,285;42,43;42,195;42,43;387;16.371
2018-09-17;42,335;42,395;42,205;42,245;3.161;133.843
2018-09-14;42,315;42,43;42,305;42,42;3.258;137.947
2018-09-13;42,26;42,33;42,195;42,195;3.187;134.798
2018-09-12;42,255;42,255;42,065;42,19;35.115;1.483.500
2018-09-11;42,05;42,13;41,92;42,13;2.753;115.662
2018-09-10;42,25;42,26;42,105;42,105;2.280;96.290
2018-09-07;42,005;42,22;41,965;42,22;1.956;82.163
2018-09-06;42,14;42,26;42,00;42,005;2.254;95.047
2018-09-05;42,495;42,495;42,10;42,10;6.473;273.854
2018-09-04;42,955;42,955;42,57;42,65;10.891;465.234
2018-09-03;42,82;42,835;42,74;42,78;3.525;150.843
2018-08-31;42,58;42,735;42,57;42,735;33.844;1.443.524
2018-08-30;42,74;42,77;42,69;42,73;1.321;56.431
2018-08-29;42,80;42,83;42,715;42,83;3.055;130.779
2018-08-28;42,76;42,76;42,595;42,595;4.365;186.338
2018-08-27;42,735;42,755;42,695;42,755;7.529;321.684
2018-08-24;42,53;42,53;42,49;42,515;1.759;74.765
2018-08-23;42,585;42,585;42,415;42,415;2.165;92.092
2018-08-22;42,505;42,545;42,375;42,54;1.477;62.747
2018-08-21;42,66;42,74;42,61;42,72;2.482;105.922
2018-08-20;42,83;42,975;42,78;42,79;2.116;90.644
2018-08-17;42,78;42,78;42,615;42,615;2.678;114.414
2018-08-16;42,555;42,735;42,555;42,735;1.105;47.132
2018-08-15;42,99;42,99;42,39;42,525;2.278;97.620
2018-08-14;42,855;42,96;42,77;42,96;3.590;153.721
2018-08-13;42,675;42,805;42,675;42,705;1.477;63.093
2018-08-10;42,845;42,92;42,77;42,92;1.140;48.831
2018-08-09;42,75;42,905;42,75;42,89;1.373;58.736
2018-08-08;42,795;42,80;42,745;42,745;692;29.603
2018-08-07;42,78;42,855;42,78;42,825;3.938;168.632
2018-08-06;42,69;42,69;42,59;42,66;3.099;132.157
2018-08-03;42,405;42,51;42,385;42,50;748;31.738
2018-08-02;42,09;42,205;41,955;42,205;2.990;125.733
2018-08-01;42,21;42,285;42,21;42,23;740;31.260
2018-07-31;42,08;42,25;42,04;42,20;1.419;59.673
2018-07-30;42,29;42,33;42,12;42,12;3.958;167.278
2018-07-27;42,625;42,715;42,545;42,575;4.134;176.229
2018-07-26;42,27;42,56;42,27;42,56;176;7.446
2018-07-25;42,265;42,265;42,265;42,265;0;0
2018-07-24;42,11;42,225;42,105;42,18;4.982;210.175
2018-07-23;41,77;41,85;41,675;41,82;4.895;204.250
2018-07-20;41,995;42,03;41,81;41,885;1.670;69.939
2018-07-19;42,155;42,155;42,07;42,115;5.793;243.852
2018-07-18;42,115;42,165;42,00;42,125;21.182;890.383
2018-07-17;41,62;41,895;41,585;41,865;4.389;182.673
2018-07-16;41,855;41,915;41,67;41,70;5.970;249.443
2018-07-13;41,95;42,055;41,85;41,9475;2.361;99.036
2018-07-12;41,61;41,775;41,565;41,69;1.549;64.546
2018-07-11;41,335;41,455;41,305;41,39;371;15.352
2018-07-10;41,65;41,79;41,585;41,725;2.628;109.604
2018-07-09;41,445;41,585;41,43;41,5425;7.719;319.926
2018-07-06;41,095;41,185;40,98;41,185;803;32.982
2018-07-05;40,835;41,03;40,835;40,9675;7.173;293.469
2018-07-04;40,93;41,065;40,93;41,0225;1.776;72.909
2018-07-03;41,065;41,21;41,065;41,105;1.480;60.848
2018-07-02;40,79;40,9075;40,695;40,9075;6.804;277.577
2018-06-29;41,245;41,30;41,18;41,22;1.522;62.742
2018-06-28;41,105;41,20;40,85;41,0125;1.779;73.093
2018-06-27;40,965;41,36;40,80;41,2925;7.133;292.492
2018-06-26;41,015;41,04;40,95;40,9575;584;23.944
2018-06-25;41,385;41,385;40,7725;40,7725;4.007;164.994
2018-06-22;41,57;41,7325;41,53;41,7325;3.679;153.347
2018-06-21;42,075;42,075;41,515;41,6025;10.167;423.628
2018-06-20;42,055;42,07;41,88;41,915;3.435;144.289
2018-06-19;41,55;41,78;41,50;41,7375;4.987;207.153
2018-06-18;42,185;42,185;41,865;41,9275;3.697;155.535
2018-06-15;42,46;42,49;41,975;41,975;29.718;1.255.741
2018-06-14;41,545;42,38;41,505;42,33;5.943;248.717
2018-06-13;42,01;42,01;41,91;41,945;3.683;154.619
2018-06-12;41,945;41,945;41,75;41,85;33.627;1.406.984
2018-06-11;41,795;41,845;41,75;41,78;5.199;217.194
2018-06-08;41,615;41,755;41,50;41,685;8.454;352.275
2018-06-07;41,83;41,83;41,65;41,65;4.031;168.340
2018-06-06;41,855;41,855;41,52;41,735;23.562;982.646
2018-06-05;41,755;41,92;41,755;41,785;5.537;231.727
2018-06-04;41,815;41,82;41,645;41,79;10.751;448.457
2018-06-01;41,41;41,65;41,33;41,62;6.080;251.921
2018-05-31;41,42;41,445;41,28;41,305;2.792;115.589
2018-05-30;41,435;41,465;41,33;41,465;2.168;89.724
2018-05-29;41,685;41,685;41,54;41,54;1.041;43.343
2018-05-28;41,715;41,78;41,71;41,73;3.203;133.664
2018-05-25;41,66;41,73;41,63;41,715;5.446;227.013
2018-05-24;41,68;41,71;41,41;41,41;4.425;184.415
2018-05-23;41,585;41,59;41,39;41,55;2.385;98.998
2018-05-22;41,765;41,765;41,63;41,725;7.268;303.147
2018-05-18;41,46;41,61;41,455;41,465;3.374;140.119
2018-05-17;41,475;41,625;41,435;41,575;4.723;196.117
2018-05-16;41,27;41,525;41,26;41,49;8.236;341.669
2018-05-15;41,145;41,245;41,115;41,145;3.912;161.181
2018-05-14;41,275;41,29;41,145;41,225;4.911;202.302
2018-05-11;41,225;41,225;41,135;41,18;2.926;120.442
2018-05-10;40,975;41,15;40,925;41,15;467;19.128
2018-05-09;40,805;40,875;40,74;40,74;2.403;98.076
2018-05-08;40,57;40,65;40,505;40,615;3.675;149.051
2018-05-07;40,415;40,565;40,40;40,565;6.044;244.363
2018-05-04;39,88;40,255;39,805;40,255;47.680;1.901.511
2018-05-03;39,90;39,99;39,515;39,565;4.157;164.934
2018-05-02;40,01;40,145;40,00;40,075;5.556;222.782
2018-04-30;39,97;40,105;39,965;40,05;44.669;1.790.297
2018-04-27;39,91;40,015;39,85;39,885;1.624;64.857
2018-04-26;39,245;39,69;39,245;39,69;561;22.081
2018-04-25;39,11;39,23;39,00;39,11;4.072;159.071
2018-04-24;39,64;39,75;39,495;39,495;1.223;48.512
2018-04-23;39,405;39,62;39,36;39,62;7.388;291.729
2018-04-20;39,43;39,54;39,42;39,42;697;27.508
2018-04-19;39,555;39,63;39,405;39,455;1.469;58.080
2018-04-18;39,495;39,57;39,475;39,57;10.821;427.424
2018-04-17;39,15;39,485;39,105;39,485;3.216;125.962
2018-04-16;39,16;39,16;38,98;39,03;2.816;110.031
2018-04-13;39,16;39,295;39,15;39,15;1.414;55.432
2018-04-12;38,94;39,30;38,935;39,205;3.163;124.132
2018-04-11;38,825;38,96;38,705;38,86;2.730;105.915
2018-04-10;39,085;39,095;38,92;39,095;825;32.141
2018-04-09;38,895;38,895;38,665;38,89;2.940;114.069
2018-04-06;39,05;39,05;38,835;38,835;5.296;206.665
2018-04-05;39,135;39,425;39,005;39,425;12.323;484.473
2018-04-04;38,35;38,35;37,875;38,35;4.164;158.553
2018-04-03;38,415;38,45;38,185;38,445;4.026;154.196
2018-03-29;38,465;38,73;38,43;38,73;1.555;59.813
2018-03-28;38,045;38,325;38,00;38,325;5.260;200.487
2018-03-27;38,695;38,72;38,63;38,70;1.691;65.374
2018-03-26;38,37;38,37;37,80;37,945;2.090;79.760
2018-03-23;38,40;38,63;38,33;38,36;5.141;197.597
2018-03-22;39,30;39,35;38,945;39,14;2.628;103.211
2018-03-21;39,775;39,89;39,64;39,865;9.259;367.517
2018-03-20;39,55;39,75;39,52;39,745;1.051;41.692
2018-03-19;40,025;40,025;39,39;39,39;8.407;334.433
2018-03-16;39,98;40,15;39,90;40,065;2.262;90.433
2018-03-15;39,86;40,02;39,845;39,975;2.798;111.679
2018-03-14;39,97;40,065;39,74;39,80;1.399;55.841
2018-03-13;40,36;40,37;39,93;39,93;2.931;118.030
2018-03-12;40,40;40,45;40,305;40,305;13.261;535.483
2018-03-09;39,75;40,11;39,725;40,10;10.009;398.554
2018-03-08;39,305;39,655;39,285;39,655;3.873;152.474
2018-03-07;39,03;39,31;38,85;39,26;19.231;752.256
2018-03-06;39,52;39,52;39,215;39,215;7.137;281.736
2018-03-05;38,845;39,22;38,84;39,22;4.507;175.460
2018-03-02;39,20;39,23;38,68;38,70;1.872;72.862
2018-03-01;39,90;39,90;39,685;39,73;8.224;326.923
2018-02-28;40,175;40,43;40,115;40,115;5.469;220.400
2018-02-27;40,35;40,50;40,32;40,41;4.539;183.234
2018-02-26;40,245;40,395;40,19;40,28;16.128;649.656
2018-02-23;39,785;39,905;39,785;39,905;1.214;48.336
2018-02-22;39,50;39,78;39,50;39,78;8.225;325.094
2018-02-21;39,70;39,95;39,59;39,95;7.939;314.735
2018-02-20;39,68;39,755;39,48;39,755;2.001;79.232
2018-02-19;39,775;39,775;39,555;39,56;11.106;440.869
2018-02-16;39,48;39,705;39,455;39,69;1.597;63.176
2018-02-15;39,135;39,295;39,00;39,065;3.247;127.350
2018-02-14;38,87;38,92;38,525;38,82;4.126;159.745
2018-02-13;38,615;38,615;38,49;38,495;1.096;42.209
2018-02-12;38,64;38,875;38,59;38,735;8.655;335.346
2018-02-09;38,405;38,485;37,955;38,14;69.887;2.672.189
2018-02-08;39,315;39,36;38,835;38,835;22.067;866.205
2018-02-07;38,915;39,745;38,86;39,68;2.966;116.070
2018-02-06;38,635;39,17;38,10;38,51;14.060;542.633
2018-02-05;39,76;39,805;39,58;39,795;6.131;243.475
2018-02-02;40,59;40,59;40,325;40,325;1.458;58.931
2018-02-01;41,17;41,17;40,765;40,765;2.560;104.801
2018-01-31;41,08;41,08;40,92;40,965;691;28.346
2018-01-30;41,425;41,425;41,045;41,105;2.556;105.600
2018-01-29;41,68;41,735;41,535;41,67;2.385;99.332
2018-01-26;41,27;41,525;41,255;41,51;1.327;54.996
2018-01-25;41,35;41,46;41,04;41,17;8.050;332.884
2018-01-24;41,68;41,68;41,41;41,41;2.737;113.786
2018-01-23;41,82;41,88;41,63;41,70;3.652;152.622
2018-01-22;41,445;41,54;41,365;41,525;7.310;303.001
2018-01-19;41,19;41,40;41,175;41,395;3.341;137.953
2018-01-18;41,385;41,385;41,20;41,225;4.161;171.679
2018-01-17;41,10;41,275;41,095;41,19;3.017;124.344
2018-01-16;41,355;41,38;41,215;41,245;4.694;194.125
2018-01-15;41,23;41,23;41,04;41,08;3.387;139.148
2018-01-12;41,27;41,325;41,15;41,325;25.465;1.049.191
2018-01-11;41,525;41,525;41,185;41,235;5.543;229.513
2018-01-10;41,445;41,48;41,245;41,36;1.982;81.899
2018-01-09;41,47;41,615;41,47;41,615;858;35.610
2018-01-08;41,315;41,315;41,24;41,295;7.277;300.284
2018-01-05;40,835;41,015;40,835;41,005;24.970;1.021.753
2018-01-04;40,705;40,75;40,64;40,73;36.498;1.485.265
2018-01-03;40,295;40,56;40,295;40,55;336;13.591
2018-01-02;40,415;40,415;40,00;40,16;2.439;97.822
2017-12-29;40,38;40,38;40,31;40,36;917;36.977
2017-12-28;40,36;40,43;40,31;40,31;8.614;348.131
2017-12-27;40,65;40,65;40,37;40,48;3.224;130.426
2017-12-22;40,59;40,59;40,47;40,47;538;21.801
2017-12-21;40,27;40,50;40,27;40,50;1.290;52.031
2017-12-20;40,50;40,53;40,29;40,31;25.698;1.040.466
2017-12-19;40,70;40,75;40,53;40,53;6.507;264.352
2017-12-18;40,68;40,71;40,62;40,71;4.743;192.740
2017-12-15;40,27;40,455;40,14;40,455;22.485;902.998
2017-12-14;40,34;40,38;40,21;40,38;2.580;103.989
2017-12-13;40,55;40,55;40,45;40,515;7.456;302.000
2017-12-12;40,36;40,59;40,28;40,59;3.934;158.709
2017-12-11;40,31;40,31;40,19;40,235;7.711;310.027
2017-12-08;40,13;40,30;40,13;40,195;10.226;411.991
2017-12-07;39,83;39,965;39,80;39,965;14.463;576.160
2017-12-06;39,58;39,815;39,58;39,815;3.281;130.252
2017-12-05;39,86;39,99;39,75;39,985;4.201;167.494
2017-12-04;40,00;40,07;39,94;39,97;2.116;84.627
2017-12-01;39,74;39,91;39,36;39,36;854;33.960
2017-11-30;39,81;39,94;39,75;39,75;2.097;83.569
2017-11-29;39,93;40,04;39,86;39,86;3.517;140.484
2017-11-28;39,52;39,72;39,52;39,72;7.722;306.173
2017-11-27;39,49;39,59;39,40;39,45;10.391;410.806
2017-11-24;39,77;39,77;39,56;39,56;2.861;113.422
2017-11-23;39,69;39,77;39,66;39,73;542;21.538
2017-11-22;40,00;40,00;39,87;39,88;1.406;56.090
2017-11-21;39,78;40,07;39,78;40,04;146.954;5.879.833
2017-11-20;39,51;39,74;39,47;39,72;11.639;461.754
2017-11-17;39,52;39,52;39,46;39,47;2.086;82.428
2017-11-16;39,39;39,58;39,35;39,54;1.310;51.612
2017-11-15;39,12;39,21;38,92;39,19;6.289;245.286
2017-11-14;39,79;39,79;39,41;39,41;1.333;52.858
2017-11-13;40,00;40,00;39,69;39,83;11.560;460.461
2017-11-10;40,07;40,07;39,87;39,89;1.731;69.038
2017-11-09;40,40;40,40;40,01;40,02;3.354;135.173
2017-11-08;40,35;40,38;40,28;40,35;2.244;90.514
2017-11-07;40,48;40,50;40,35;40,40;5.992;242.557
2017-11-06;40,16;40,35;40,16;40,31;2.707;108.908
2017-11-03;40,04;40,18;40,00;40,18;1.097;43.976
2017-11-02;40,04;40,04;39,78;39,96;2.531;100.923
2017-11-01;40,07;40,23;40,07;40,13;1.309;52.588
2017-10-30;39,89;40,00;39,77;39,84;962;38.375
2017-10-27;39,76;40,04;39,76;40,04;690;27.480
2017-10-26;39,01;39,52;39,00;39,52;1.573;61.782
2017-10-25;39,32;39,38;39,04;39,04;555;21.826
2017-10-24;39,44;39,49;39,34;39,40;920;36.257
2017-10-23;39,49;39,60;39,49;39,52;448;17.708
2017-10-20;39,30;39,39;39,30;39,39;1.052;41.371
2017-10-19;39,24;39,24;39,00;39,06;4.662;182.214
2017-10-18;39,45;39,45;39,39;39,39;451;17.776
2017-10-17;39,41;39,41;39,34;39,34;479;18.877
2017-10-16;39,36;39,36;39,26;39,26;2.215;87.065
2017-10-13;39,07;39,24;39,07;39,16;994;38.959
2017-10-12;38,98;39,04;38,97;39,03;174;6.782
2017-10-11;39,00;39,00;38,95;38,96;1.555;60.585
2017-10-10;39,08;39,14;38,99;39,03;20.167;788.085
2017-10-09;39,22;39,22;39,13;39,13;1.513;59.251
2017-10-06;39,30;39,34;39,13;39,13;4.634;182.008
2017-10-05;38,98;39,24;38,95;39,24;3.427;133.785
2017-10-04;39,01;39,01;38,90;38,99;41.494;1.617.634
2017-10-02;38,73;38,85;38,73;38,85;4.673;181.204
2017-09-29;38,44;38,47;38,40;38,44;28.780;1.105.855
2017-09-28;38,52;38,52;38,39;38,44;609;23.418
2017-09-27;38,48;38,49;38,44;38,44;1.342;51.619
2017-09-26;38,20;38,35;38,18;38,35;417;15.927
2017-09-25;38,04;38,19;38,04;38,14;525;20.032
2017-09-22;37,93;37,94;37,86;37,94;4.478;169.614
2017-09-21;38,17;38,17;38,06;38,06;779;29.721
2017-09-20;37,96;37,99;37,95;37,97;1.340;50.878
2017-09-19;37,94;38,02;37,93;38,02;2.984;113.256
2017-09-18;38,13;38,13;38,01;38,04;3.346;127.374
2017-09-15;37,96;37,97;37,81;37,89;3.288;124.694
2017-09-14;38,06;38,12;37,98;38,08;3.034;115.333
2017-09-13;37,84;38,02;37,78;38,02;342;12.936
2017-09-12;37,82;37,94;37,77;37,88;1.127;42.707
2017-09-11;37,58;37,72;37,55;37,72;15.235;573.624
2017-09-08;37,17;37,28;37,17;37,28;1.038;38.609
2017-09-07;37,44;37,44;37,25;37,25;3.599;134.445
2017-09-06;37,33;37,49;37,28;37,38;37.535;1.403.516
2017-09-05;37,52;37,63;37,43;37,44;37.507;1.408.872
2017-09-04;37,48;37,50;37,46;37,47;1.775;66.519
2017-09-01;37,65;37,79;37,57;37,74;54.251;2.040.277
2017-08-31;37,39;37,56;37,39;37,56;224;8.386
2017-08-30;37,13;37,23;37,07;37,22;2.717;101.054
2017-08-29;36,73;36,77;36,49;36,77;1.909;69.842
2017-08-28;37,12;37,15;37,04;37,04;1.377;51.128
2017-08-25;37,53;37,58;37,35;37,35;42.165;1.584.547
2017-08-24;37,53;37,53;37,42;37,42;19;713
2017-08-23;37,66;37,66;37,42;37,48;2.023;75.897
2017-08-22;37,44;37,62;37,43;37,62;1.236;46.319
2017-08-21;37,34;37,35;37,16;37,17;1.116;41.603
2017-08-18;37,37;37,43;37,30;37,42;4.765;177.925
2017-08-17;37,75;37,92;37,66;37,66;937;35.500
2017-08-16;37,81;37,93;37,81;37,93;3.215;121.703
2017-08-15;37,81;37,82;37,72;37,74;414;15.654
2017-08-14;37,44;37,63;37,40;37,63;13.780;515.390
2017-08-11;37,28;37,28;37,19;37,21;20.469;762.602
2017-08-10;37,88;37,88;37,50;37,55;831;31.371
2017-08-09;37,91;37,93;37,84;37,86;3.836;145.498
2017-08-08;37,90;38,16;37,90;38,16;21.100;799.690
2017-08-07;37,99;37,99;37,85;37,92;1.815;68.776
2017-08-04;37,63;37,95;37,63;37,95;16.516;625.067
2017-08-03;37,60;37,61;37,55;37,55;779;29.286
2017-08-02;37,76;37,76;37,59;37,59;2.982;112.497
2017-08-01;37,76;37,89;37,74;37,83;22.668;856.645
2017-07-31;37,94;37,97;37,72;37,72;2.368;89.770
2017-07-28;37,84;37,85;37,75;37,77;1.207;45.633
2017-07-27;38,17;38,25;38,14;38,25;41;1.565
2017-07-26;38,19;38,26;38,18;38,24;2.282;87.211
2017-07-25;38,04;38,15;38,04;38,15;1.120;42.695
2017-07-24;38,01;38,08;38,00;38,00;574;21.830
2017-07-21;38,11;38,19;37,98;38,03;2.880;109.610
2017-07-20;38,57;38,59;38,13;38,16;1.368;52.459
2017-07-19;38,30;38,49;38,30;38,49;1.296;49.821
2017-07-18;38,28;38,33;38,00;38,11;3.942;150.962
2017-07-17;38,57;38,57;38,45;38,48;617;23.750
2017-07-14;38,43;38,44;38,38;38,44;4.931;189.393
2017-07-13;38,40;38,48;38,40;38,48;1.835;70.538
2017-07-12;37,83;38,33;37,83;38,32;3.293;125.254
2017-07-11;38,04;38,04;37,82;37,82;18.934;719.213
2017-07-10;37,99;38,03;37,92;37,99;1.928;73.298
2017-07-07;37,73;37,87;37,73;37,87;358;13.521
2017-07-06;38,14;38,14;37,87;37,89;1.321;50.104
2017-07-05;38,13;38,19;38,08;38,08;3.472;132.434
2017-07-04;38,04;38,22;38,04;38,22;175;6.675
2017-07-03;38,04;38,27;38,04;38,27;2.646;100.839
2017-06-30;37,93;37,93;37,91;37,91;248;9.407
2017-06-29;38,30;38,32;37,86;37,86;123.203;4.706.136
2017-06-28;38,16;38,36;38,00;38,36;23.009;879.999
2017-06-27;38,83;38,83;38,53;38,53;218;8.427
2017-06-26;38,93;38,98;38,83;38,83;3.533;137.295
2017-06-23;38,80;38,83;38,74;38,78;2.796;108.537
2017-06-22;38,82;38,90;38,82;38,89;120;4.659
2017-06-21;38,82;38,94;38,76;38,85;3.656;141.945
2017-06-20;39,12;39,12;39,00;39,00;8.332;325.641
2017-06-19;38,93;39,06;38,84;39,06;9.133;355.020
2017-06-16;38,84;38,85;38,60;38,64;3.893;151.016
2017-06-15;38,67;38,69;38,52;38,69;1.313;50.707
2017-06-14;38,79;38,90;38,58;38,58;1.647;63.879
2017-06-13;38,71;38,74;38,64;38,72;11.400;440.785
2017-06-12;38,59;38,62;38,51;38,57;33.484;1.291.147
2017-06-09;38,73;38,92;38,73;38,91;2.142;83.167
2017-06-08;38,58;38,73;38,58;38,68;2.653;102.542
2017-06-07;38,52;38,69;38,52;38,54;5.046;194.825
2017-06-06;38,54;38,54;38,49;38,53;2.083;80.269
2017-06-02;38,77;38,77;38,56;38,61;422;16.312
2017-06-01;38,42;38,44;38,42;38,50;780;29.980
2017-05-31;38,49;38,52;38,24;38,24;2.555;98.284
2017-05-30;38,48;38,48;38,48;38,48;0;0
2017-05-29;38,61;38,61;38,56;38,59;138;5.328
2017-05-26;38,42;38,59;38,38;38,57;5.215;201.121
2017-05-25;38,42;38,51;38,42;38,46;1.029;39.598
2017-05-24;38,37;38,42;38,34;38,42;3.863;148.287
2017-05-23;38,18;38,29;38,18;38,25;1.066;40.809
2017-05-22;38,27;38,27;38,17;38,17;526;20.092
2017-05-19;38,09;38,18;38,02;38,18;2.107;80.269
2017-05-18;38,08;38,08;37,77;38,05;33.360;1.263.112
2017-05-17;38,45;38,57;38,12;38,16;37.526;1.445.047
2017-05-16;38,95;38,95;38,78;38,78;7.282;282.905
2017-05-15;39,10;39,11;38,96;39,06;1.752;68.291
2017-05-12;39,13;39,13;38,95;39,04;10.026;391.812
2017-05-11;39,20;39,23;39,02;39,10;45.451;1.780.573
2017-05-10;39,06;39,23;39,04;39,23;4.460;174.684
2017-05-09;39,03;39,17;39,00;39,13;2.632;102.831
2017-05-08;38,88;38,96;38,86;38,93;5.074;197.401
2017-05-05;38,49;38,66;38,49;38,66;1.348;51.964
2017-05-04;38,84;38,84;38,69;38,69;20.285;787.440
2017-05-03;38,68;38,74;38,66;38,70;106.051;4.105.894
2017-05-02;38,69;38,80;38,66;38,78;13.918;539.128
2017-04-28;38,72;38,72;38,57;38,62;831;32.104
2017-04-27;38,64;38,75;38,64;38,74;2.686;104.050
2017-04-26;38,68;38,89;38,68;38,89;454;17.612
2017-04-25;38,61;38,70;38,57;38,57;7.275;281.383
2017-04-24;38,65;38,68;38,56;38,58;5.581;215.458
2017-04-21;38,63;38,68;38,58;38,60;36.234;1.399.633
2017-04-20;38,33;38,37;38,28;38,36;789;30.237
2017-04-19;38,41;38,51;38,32;38,48;3.316;127.399
2017-04-18;38,79;38,79;38,38;38,38;10.569;407.713
2017-04-13;38,79;38,87;38,68;38,84;3.591;139.091
2017-04-12;39,11;39,11;38,84;38,84;8.147;317.500
2017-04-11;38,96;38,99;38,70;38,80;1.033;40.253
2017-04-10;39,09;39,09;38,99;38,99;1.723;67.285
2017-04-07;38,80;39,00;38,80;39,00;17.051;663.328
2017-04-06;38,67;38,91;38,67;38,91;8.081;313.274
2017-04-05;38,83;39,09;38,78;39,02;3.652;142.029
2017-04-04;38,78;38,87;38,77;38,87;28.399;1.101.312
2017-04-03;38,99;39,01;38,77;38,77;100.747;3.917.157
2017-03-31;38,83;38,91;38,83;38,91;250;9.709
2017-03-30;38,70;38,90;38,68;38,90;2.457;95.123
2017-03-29;38,51;38,69;38,48;38,66;4.049;156.268
2017-03-28;38,18;38,27;38,06;38,27;15.713;599.040
2017-03-27;37,82;37,98;37,82;37,98;16.790;635.960
2017-03-24;38,31;38,37;38,25;38,35;5.028;192.631
2017-03-23;38,20;38,48;38,20;38,48;24.471;936.175
2017-03-22;38,14;38,19;38,06;38,19;7.394;282.222
2017-03-21;38,66;38,66;38,25;38,30;3.438;131.739
2017-03-20;38,72;38,83;38,71;38,81;12.407;480.974
2017-03-17;38,68;38,81;38,68;38,81;226;8.761
2017-03-16;38,94;38,98;38,79;38,83;22.387;871.745
2017-03-15;38,74;38,84;38,74;38,82;2.422;93.911
2017-03-14;38,70;38,72;38,62;38,62;3.760;145.545
2017-03-13;38,58;38,69;38,58;38,69;2.732;105.517
2017-03-10;38,76;38,77;38,53;38,54;2.831;109.486
2017-03-09;38,74;38,74;38,52;38,69;3.795;146.775
2017-03-08;38,81;38,88;38,77;38,82;3.755;145.825
2017-03-07;38,84;38,88;38,83;38,83;318;12.361
2017-03-06;38,70;38,89;38,63;38,79;8.191;317.058
2017-03-03;39,04;39,05;38,94;38,97;1.423;55.485
2017-03-02;39,26;39,28;39,16;39,16;1.507;59.189
2017-03-01;39,00;39,21;38,99;39,19;2.208;86.556
2017-02-28;38,74;38,74;38,62;38,62;16.388;634.339
2017-02-27;38,70;38,70;38,62;38,62;1.033;39.966
2017-02-24;38,74;38,82;38,50;38,69;8.215;317.516
2017-02-23;38,98;39,04;38,88;38,88;7.203;281.151
2017-02-22;39,15;39,17;38,94;38,96;10.538;412.318
2017-02-21;38,66;39,03;38,66;38,94;1.512;58.668
2017-02-20;38,64;38,65;38,55;38,60;4.716;182.056
2017-02-17;38,37;38,41;38,26;38,41;18.428;705.579
2017-02-16;38,57;38,57;38,32;38,32;13.205;508.618
2017-02-15;38,58;38,63;38,55;38,56;5.834;224.983
2017-02-14;38,25;38,36;38,23;38,36;10.527;402.474
2017-02-13;38,09;38,34;38,07;38,31;26.056;993.999
2017-02-10;37,94;37,98;37,90;37,96;16.231;615.762
2017-02-09;37,59;37,82;37,48;37,80;2.032;76.249
2017-02-08;37,51;37,60;37,41;37,41;336;12.611
2017-02-07;37,43;37,51;37,43;37,43;2.040;76.479
2017-02-06;37,36;37,43;37,27;37,27;9.456;353.664
2017-02-03;37,21;37,29;37,17;37,24;865;32.240
2017-02-02;36,87;36,97;36,83;36,97;7.375;271.845
2017-02-01;37,06;37,27;37,06;37,06;11.573;429.910
2017-01-31;37,25;37,25;36,78;36,78;9.059;335.314
2017-01-30;37,40;37,40;37,11;37,14;567;21.145
2017-01-27;37,63;37,63;37,46;37,48;25.361;950.462
2017-01-26;37,59;37,67;37,56;37,65;2.285;85.967
2017-01-25;37,25;37,37;37,24;37,37;1.175;43.790
2017-01-24;36,85;36,98;36,85;36,98;826;30.451
2017-01-23;36,78;37,01;36,78;36,83;783;28.840
2017-01-20;37,08;37,21;37,08;37,12;783;29.116
2017-01-19;37,18;37,32;37,12;37,19;15.797;589.419
2017-01-18;37,16;37,16;36,98;37,09;52.348;1.939.071
2017-01-17;37,13;37,13;36,91;37,02;3.941;146.078
2017-01-16;37,27;37,37;37,27;37,32;1.262;47.125
2017-01-13;37,18;37,45;37,18;37,45;3.495;130.549
2017-01-12;37,19;37,23;37,00;37,04;9.281;343.777
2017-01-11;37,43;37,68;37,39;37,51;6.498;244.225
2017-01-10;37,25;37,39;37,18;37,39;655;24.410
2017-01-09;37,50;37,53;37,35;37,35;951;35.658
2017-01-06;37,28;37,44;37,25;37,44;1.373;51.267
2017-01-05;37,33;37,46;37,22;37,26;1.163;43.450
2017-01-04;37,55;37,55;37,47;37,50;37.260;1.397.732
2017-01-03;37,33;37,73;37,33;37,36;36.610;1.374.015
2017-01-02;36,50;37,32;36,50;37,21;809;29.892
2016-12-30;37,04;37,04;36,91;36,98;4.131;152.686
2016-12-29;37,13;37,14;37,00;37,02;28.168;1.045.628
2016-12-28;37,33;37,51;37,30;37,40;46.930;1.759.548
2016-12-27;37,18;37,31;37,15;37,26;1.788;66.480
2016-12-23;37,28;37,28;37,18;37,18;3.028;112.735
2016-12-22;37,26;37,26;37,01;37,13;270;10.043
2016-12-21;37,49;37,49;37,35;37,39;103.215;3.864.158
2016-12-20;37,41;37,61;37,41;37,50;36.190;1.359.429
2016-12-19;37,20;37,35;37,20;37,28;7.686;286.753
2016-12-16;37,26;37,38;37,26;37,29;1.422;53.054
2016-12-15;37,12;37,48;37,06;37,48;1.745;64.931
2016-12-14;36,98;36,98;36,84;36,84;896;33.109
2016-12-13;36,78;37,00;36,78;36,96;24.253;896.840
2016-12-12;36,98;37,02;36,86;36,87;3.643;134.480
2016-12-09;36,67;37,04;36,67;37,04;47.795;1.766.088
2016-12-08;36,14;36,68;36,05;36,68;7.473;269.901
2016-12-07;35,91;35,91;35,81;35,90;4.307;154.254
2016-12-06;35,50;35,71;35,48;35,68;5.905;209.544
2016-12-05;35,80;35,94;35,62;35,66;1.352;48.519
2016-12-02;35,52;35,63;35,52;35,63;10;355
2016-12-01;35,90;35,90;35,80;35,82;6.671;238.986
2016-11-30;35,86;36,14;35,86;36,14;5.602;201.327
2016-11-29;35,98;35,98;35,85;35,97;2.930;105.125
2016-11-28;35,80;36,02;35,80;35,99;9.084;326.488
2016-11-25;36,02;36,03;35,95;36,03;540;19.433
2016-11-24;36,00;36,06;36,00;36,06;812;29.232
2016-11-23;35,83;36,00;35,83;35,96;235;8.424
2016-11-22;35,87;35,90;35,79;35,79;548;19.669
2016-11-21;35,55;35,73;35,50;35,73;12.578;447.072
2016-11-18;35,60;35,66;35,56;35,57;55.700;1.983.013
2016-11-17;35,20;35,54;35,20;35,54;2.086;73.435
2016-11-16;35,35;35,35;35,29;35,31;161;5.688
2016-11-15;35,02;35,15;34,96;35,15;555;19.445
2016-11-14;35,05;35,13;34,99;34,99;2.506;87.912
2016-11-11;34,69;35,07;34,58;34,66;20.040;702.385
2016-11-10;34,96;35,17;34,69;34,76;79.536;2.786.201
2016-11-09;33,31;34,74;33,31;34,74;1.408;47.153
2016-11-08;34,15;34,27;34,07;34,27;654;22.333
2016-11-07;33,94;34,11;33,87;34,10;3.270;110.874
2016-11-04;33,41;33,44;33,40;33,41;390;13.038
2016-11-03;33,58;33,82;33,57;33,57;157.282;5.310.254
2016-11-02;33,82;33,82;33,63;33,63;715;24.129
2016-11-01;34,59;34,59;34,02;34,02;2.350;80.550
2016-10-31;34,58;34,59;34,52;34,54;229;7.916
2016-10-28;34,68;34,68;34,68;34,68;100;3.453
2016-10-27;34,89;34,89;34,65;34,76;3.083;107.331
2016-10-26;34,84;34,85;34,84;34,85;1;35
2016-10-25;35,10;35,10;35,01;35,01;90;3.159
2016-10-24;35,04;35,15;35,04;35,07;4.688;164.424
2016-10-21;34,89;34,96;34,80;34,96;2.202;76.727
2016-10-20;34,81;34,82;34,70;34,82;1.097;38.072
2016-10-19;34,55;34,77;34,54;34,77;1.691;58.481
2016-10-18;34,38;34,60;34,38;34,60;2.990;103.342
2016-10-17;34,30;34,33;34,29;34,29;86;2.951
2016-10-14;34,53;34,53;34,45;34,45;15;518
2016-10-13;34,14;34,14;34,07;34,07;1.538;52.462
2016-10-12;34,35;34,39;34,35;34,39;1.500;51.525
2016-10-11;34,57;34,57;34,31;34,31;325;11.197
2016-10-10;34,30;34,54;34,30;34,53;102;3.508
2016-10-07;34,44;34,47;34,24;34,24;1.787;61.472
2016-10-06;34,39;34,44;34,31;34,31;3.715;127.662
2016-10-05;34,15;34,37;34,15;34,37;1.071;36.692
2016-10-04;34,46;34,66;34,46;34,56;3.681;127.164
2016-09-30;34,05;34,38;34,04;34,38;5.628;191.761
2016-09-29;34,55;34,55;34,36;34,36;265;9.154
2016-09-28;34,40;34,40;34,30;34,30;436;14.983
2016-09-27;34,27;34,27;34,09;34,24;955;32.583
2016-09-26;34,24;34,24;33,96;33,97;20.681;707.893
2016-09-23;34,56;34,56;34,49;34,51;185;6.392
2016-09-22;34,46;34,61;34,46;34,61;347;11.988
2016-09-21;34,28;34,28;34,28;34,28;0;0
2016-09-20;34,00;34,15;34,00;34,06;8.928;303.750
2016-09-19;34,10;34,10;34,02;34,09;10.003;341.102
2016-09-16;33,79;33,82;33,72;33,82;455;15.363
2016-09-15;33,54;33,82;33,50;33,82;12.887;432.621
2016-09-14;33,68;33,70;33,52;33,52;1.383;46.526
2016-09-13;33,83;33,95;33,52;33,52;7.990;271.226
2016-09-12;33,34;33,83;33,34;33,83;200;6.723
2016-09-09;34,39;34,40;34,13;34,13;23.740;816.289
2016-09-08;34,61;34,63;34,33;34,50;1.787;61.581
2016-09-07;34,67;34,71;34,61;34,61;618;21.427
2016-09-06;34,75;34,81;34,57;34,57;22.044;766.940
2016-09-05;34,70;34,78;34,70;34,71;1.318;45.775
2016-09-02;34,31;34,63;34,30;34,63;1.519;52.106
2016-09-01;34,37;34,48;34,13;34,13;522;17.973
2016-08-31;34,44;34,49;34,24;34,24;1.496;51.502
2016-08-30;34,46;34,46;34,41;34,41;300;10.338
2016-08-29;34,20;34,35;34,09;34,35;2.672;91.413
2016-08-26;34,05;34,28;34,05;34,28;545;18.564
2016-08-25;34,07;34,11;34,04;34,11;297;10.119
2016-08-24;34,28;34,28;34,26;34,26;86;2.948
2016-08-23;34,10;34,22;34,10;34,19;6.251;213.347
2016-08-22;34,15;34,18;33,97;33,97;1.600;54.558
2016-08-19;34,01;34,01;33,89;34,01;30.639;1.038.762
2016-08-18;34,06;34,13;34,06;34,13;449;15.299
2016-08-17;34,33;34,33;34,03;34,03;1.316;44.971
2016-08-16;34,41;34,46;34,23;34,23;22.275;766.766
2016-08-15;34,63;34,64;34,62;34,62;409;14.168
2016-08-12;34,64;34,64;34,42;34,54;14.939;515.038
2016-08-11;34,38;34,59;34,36;34,59;1.818;62.702
2016-08-10;34,49;34,49;34,32;34,32;13.937;479.623
2016-08-09;34,53;34,59;34,53;34,59;1.400;48.347
2016-08-08;34,48;34,58;34,47;34,51;4.478;154.764
2016-08-05;34,11;34,43;34,06;34,43;5.472;186.891
2016-08-04;34,01;34,02;34,01;34,02;1.508;51.287
2016-08-03;33,67;33,73;33,63;33,71;465;15.681
2016-08-02;33,93;33,93;33,57;33,57;559;18.901
2016-08-01;34,30;34,32;34,04;34,07;6.797;231.993
2016-07-29;33,97;34,09;33,97;34,09;7.109;242.057
2016-07-28;34,09;34,09;34,03;34,03;1.000;34.073
2016-07-27;34,40;34,40;34,38;34,38;1;34
2016-07-26;34,31;34,46;34,24;34,34;8.550;293.625
2016-07-25;34,49;34,51;34,31;34,31;55.351;1.907.969
2016-07-22;34,21;34,37;34,12;34,37;4.897;167.857
2016-07-21;34,32;34,38;34,25;34,33;1.697;58.301
2016-07-20;34,37;34,38;34,22;34,37;669;22.957
2016-07-19;34,08;34,13;34,03;34,12;1.839;62.724
2016-07-18;34,18;34,21;33,98;34,07;1.482;50.478
2016-07-15;33,76;34,13;33,75;34,03;3.159;106.755
2016-07-14;33,98;34,24;33,95;33,97;11.556;393.691
2016-07-13;33,90;33,90;33,66;33,66;1.408;47.531
2016-07-12;33,61;33,86;33,61;33,86;3.819;128.893
2016-07-11;33,54;33,63;33,52;33,63;1.750;58.693
2016-07-08;32,80;33,26;32,77;33,26;3.021;99.488
2016-07-07;32,80;32,95;32,80;32,83;39;1.284
2016-07-06;32,66;32,66;32,44;32,54;3.317;107.833
2016-07-05;32,61;32,72;32,57;32,68;2.099;68.503
2016-07-04;32,97;32,97;32,97;32,97;0;0
