Datum;Erster;Hoch;Tief;Schlusskurs;Stuecke;Volumen;https://www.ariva.de/ishares_msci_usa_sri_ucits_etf-fonds/historische_kurse?go=1&boerse_id=12&month=&currency=EUR&clean_split=1&clean_payout=1&clean_bezug=1
2021-10-19;11,05;11,112;11,048;11,11;531.466;5.887.625
2021-10-18;11,07;11,084;11,00;11,074;448.449;4.954.014
2021-10-15;11,014;11,074;11,00;11,06;282.842;3.125.287
2021-10-14;10,858;10,978;10,842;10,974;611.454;6.663.846
2021-10-13;10,782;10,836;10,754;10,77;441.980;4.772.705
2021-10-12;10,72;10,862;10,72;10,848;437.872;4.745.106
2021-10-11;10,786;10,894;10,774;10,892;869.053;9.402.982
2021-10-08;10,888;10,898;10,82;10,832;1.050.368;11.396.445
2021-10-07;10,806;10,914;10,78;10,902;693.346;7.515.511
2021-10-06;10,628;10,672;10,586;10,618;515.652;5.472.786
2021-10-05;10,576;10,72;10,558;10,706;387.319;4.116.838
2021-10-04;10,63;10,652;10,518;10,52;528.653;5.601.818
2021-10-01;10,496;10,614;10,496;10,614;458.229;4.833.260
2021-09-30;10,802;10,802;10,698;10,698;299.344;3.215.829
2021-09-29;10,69;10,744;10,674;10,726;348.426;3.731.220
2021-09-28;10,81;10,81;10,634;10,652;798.898;8.585.692
2021-09-27;10,86;10,87;10,788;10,826;326.760;3.535.734
2021-09-24;10,756;10,81;10,732;10,784;277.065;2.980.238
2021-09-23;10,736;10,788;10,708;10,788;327.086;3.519.692
2021-09-22;10,638;10,688;10,604;10,688;287.662;3.059.116
2021-09-21;10,662;10,708;10,584;10,642;530.116;5.642.001
2021-09-20;10,69;10,694;10,59;10,59;478.471;5.087.147
2021-09-17;10,848;10,848;10,776;10,794;484.091;5.225.464
2021-09-16;10,832;10,88;10,76;10,792;400.947;4.352.576
2021-09-15;10,756;10,772;10,70;10,77;216.227;2.321.831
2021-09-14;10,78;10,81;10,736;10,762;264.891;2.854.053
2021-09-13;10,842;10,866;10,754;10,764;319.062;3.446.722
2021-09-10;10,824;10,842;10,764;10,79;390.151;4.217.198
2021-09-09;10,81;10,902;10,796;10,86;233.711;2.538.461
2021-09-08;10,83;10,882;10,788;10,832;193.527;2.097.533
2021-09-07;10,894;10,898;10,80;10,824;247.217;2.678.136
2021-09-06;10,888;10,914;10,87;10,914;141.021;1.538.290
2021-09-03;10,894;10,898;10,824;10,86;174.638;1.896.495
2021-09-02;10,858;10,88;10,842;10,88;52.558;570.614
2021-09-01;10,936;10,936;10,814;10,826;326.373;3.557.406
2021-08-31;10,906;10,906;10,842;10,904;257.547;2.798.819
2021-08-30;10,886;10,928;10,864;10,928;329.099;3.581.994
2021-08-27;10,82;10,868;10,81;10,868;129.826;1.407.915
2021-08-26;10,864;10,88;10,806;10,812;56.526;613.504
2021-08-25;10,86;10,886;10,832;10,886;171.398;1.861.757
2021-08-24;10,898;10,898;10,84;10,844;150.034;1.630.211
2021-08-23;10,842;10,88;10,794;10,874;217.634;2.355.848
2021-08-20;10,676;10,804;10,636;10,80;547.557;5.869.620
2021-08-19;10,596;10,69;10,55;10,674;420.505;4.458.257
2021-08-18;10,722;10,758;10,698;10,74;539.738;5.791.249
2021-08-17;10,748;10,748;10,686;10,72;118.965;1.275.452
2021-08-16;10,726;10,75;10,696;10,732;121.644;1.304.679
2021-08-13;10,818;10,818;10,738;10,746;150.687;1.622.681
2021-08-12;10,756;10,764;10,726;10,748;240.270;2.581.422
2021-08-11;10,728;10,744;10,70;10,73;835.294;8.949.932
2021-08-10;10,686;10,72;10,676;10,718;283.956;3.039.915
2021-08-09;10,654;10,678;10,644;10,672;584.907;6.235.763
2021-08-06;10,62;10,692;10,608;10,67;146.887;1.565.975
2021-08-05;10,572;10,61;10,552;10,57;508.520;5.379.944
2021-08-04;10,56;10,602;10,528;10,572;329.276;3.472.039
2021-08-03;10,55;10,554;10,512;10,548;303.686;3.199.826
2021-08-02;10,57;10,576;10,524;10,568;548.597;5.789.527
2021-07-30;10,476;10,54;10,456;10,524;604.763;6.352.508
2021-07-29;10,51;10,542;10,482;10,538;142.363;1.495.425
2021-07-28;10,53;10,548;10,50;10,51;314.581;3.311.576
2021-07-27;10,562;10,562;10,472;10,472;526.233;5.533.226
2021-07-26;10,56;10,56;10,50;10,552;712.173;7.493.705
2021-07-23;10,532;10,578;10,514;10,578;350.114;3.687.725
2021-07-22;10,494;10,514;10,434;10,474;264.183;2.768.932
2021-07-21;10,466;10,50;10,446;10,472;351.656;3.681.300
2021-07-20;10,324;10,43;10,29;10,414;1.387.099;14.384.996
2021-07-19;10,37;10,37;10,202;10,274;937.517;9.648.874
2021-07-16;10,452;10,506;10,424;10,432;274.620;2.868.899
2021-07-15;10,43;10,458;10,406;10,458;1.088.509;11.345.490
2021-07-14;10,492;10,514;10,458;10,458;573.795;6.009.437
2021-07-13;10,512;10,55;10,482;10,528;674.390;7.101.631
2021-07-12;10,426;10,478;10,36;10,466;293.847;3.056.732
2021-07-09;10,354;10,41;10,33;10,41;756.558;7.843.881
2021-07-08;10,416;10,416;10,244;10,31;390.332;4.024.234
2021-07-07;10,416;10,442;10,40;10,442;261.845;2.729.723
2021-07-06;10,412;10,47;10,35;10,372;126.002;1.311.440
2021-07-05;10,436;10,456;10,41;10,452;172.733;1.801.201
2021-07-02;10,406;10,472;10,406;10,43;199.438;2.080.769
2021-07-01;10,358;10,412;10,322;10,374;218.887;2.262.937
2021-06-30;10,294;10,336;10,252;10,316;178.942;1.842.865
2021-06-29;10,266;10,298;10,262;10,278;131.553;1.352.731
2021-06-28;10,196;10,252;10,196;10,23;117.087;1.196.177
2021-06-25;10,15;10,198;10,14;10,194;289.148;2.941.541
2021-06-24;10,138;10,182;10,12;10,17;100.595;1.020.253
2021-06-23;10,134;10,134;10,072;10,106;181.651;1.834.526
2021-06-22;10,094;10,124;10,062;10,122;170.611;1.720.241
2021-06-21;9,953;10,044;9,944;10,042;229.585;2.293.168
2021-06-18;10,08;10,08;10,006;10,02;226.738;2.274.473
2021-06-17;9,979;10,068;9,979;10,068;105.233;1.055.247
2021-06-16;9,974;9,974;9,946;9,962;212.603;2.117.481
2021-06-15;10,012;10,026;9,945;9,945;298.612;2.980.996
2021-06-14;10,032;10,036;9,941;9,943;259.939;2.593.110
2021-06-11;9,912;9,994;9,903;9,987;238.422;2.377.823
2021-06-10;9,897;9,95;9,874;9,934;454.577;4.516.582
2021-06-09;9,923;9,928;9,89;9,917;198.927;1.972.000
2021-06-08;9,928;9,943;9,865;9,878;206.283;2.045.260
2021-06-07;9,923;9,934;9,875;9,88;226.355;2.241.065
2021-06-04;9,883;9,922;9,864;9,897;154.088;1.524.319
2021-06-03;9,823;9,894;9,757;9,882;900.665;8.895.859
2021-06-02;9,813;9,85;9,813;9,835;166.544;1.637.689
2021-06-01;9,827;9,882;9,778;9,798;220.893;2.173.227
2021-05-31;9,85;9,85;9,782;9,787;81.796;802.238
2021-05-28;9,849;9,875;9,82;9,842;266.320;2.623.745
2021-05-27;9,774;9,845;9,761;9,819;513.077;5.033.894
2021-05-26;9,77;9,787;9,745;9,787;152.748;1.492.550
2021-05-25;9,783;9,783;9,733;9,747;174.930;1.707.815
2021-05-21;9,68;9,78;9,68;9,753;274.373;2.672.211
2021-05-20;9,595;9,691;9,538;9,691;378.957;3.655.737
2021-05-19;9,556;9,573;9,457;9,497;257.263;2.449.335
2021-05-18;9,78;9,78;9,669;9,695;364.701;3.546.422
2021-05-17;9,812;9,812;9,733;9,736;291.080;2.844.244
2021-05-14;9,785;9,811;9,75;9,811;288.512;2.821.490
2021-05-13;9,631;9,794;9,592;9,766;312.796;3.027.080
2021-05-12;9,804;9,816;9,747;9,747;243.111;2.380.340
2021-05-11;9,927;9,927;9,743;9,792;376.209;3.698.619
2021-05-10;9,972;10,024;9,944;10,018;198.781;1.984.191
2021-05-07;9,937;9,975;9,897;9,96;281.873;2.804.729
2021-05-06;9,927;9,945;9,861;9,907;228.563;2.259.799
2021-05-05;9,948;9,976;9,913;9,952;242.972;2.415.490
2021-05-04;9,925;9,949;9,837;9,865;525.192;5.187.470
2021-05-03;9,917;9,933;9,894;9,926;427.236;4.234.466
2021-04-30;9,806;9,87;9,80;9,868;1.150.735;11.308.186
2021-04-29;9,829;9,84;9,789;9,798;397.678;3.903.952
2021-04-28;9,893;9,90;9,832;9,834;507.374;5.000.842
2021-04-27;9,909;9,909;9,84;9,88;377.286;3.719.882
2021-04-26;9,902;9,928;9,868;9,906;124.931;1.236.819
2021-04-23;9,85;9,909;9,815;9,909;177.588;1.749.417
2021-04-22;9,923;9,953;9,897;9,953;174.547;1.731.289
2021-04-21;9,852;9,91;9,831;9,895;221.503;2.189.501
2021-04-20;9,857;9,862;9,79;9,805;345.230;3.393.476
2021-04-19;9,948;9,95;9,84;9,862;167.865;1.660.296
2021-04-16;9,914;9,963;9,914;9,951;281.213;2.794.713
2021-04-15;9,854;9,921;9,851;9,921;235.171;2.324.611
2021-04-14;9,857;9,893;9,842;9,857;185.555;1.829.516
2021-04-13;9,878;9,892;9,823;9,847;339.495;3.345.302
2021-04-12;9,80;9,815;9,778;9,815;320.802;3.143.300
2021-04-09;9,748;9,772;9,735;9,761;326.364;3.183.594
2021-04-08;9,77;9,77;9,713;9,719;268.430;2.613.704
2021-04-07;9,795;9,795;9,721;9,726;199.105;1.940.389
2021-04-06;9,797;9,846;9,775;9,807;267.850;2.625.729
2021-04-01;9,747;9,75;9,692;9,719;247.115;2.401.909
2021-03-31;9,652;9,70;9,632;9,689;166.274;1.607.566
2021-03-30;9,654;9,685;9,63;9,665;609.838;5.885.148
2021-03-29;9,605;9,627;9,569;9,604;403.442;3.871.352
2021-03-26;9,507;9,536;9,483;9,536;499.316;4.747.490
2021-03-25;9,415;9,424;9,32;9,424;328.374;3.076.022
2021-03-24;9,41;9,479;9,389;9,469;193.620;1.829.916
2021-03-23;9,399;9,465;9,379;9,457;538.591;5.081.530
2021-03-22;9,335;9,403;9,321;9,40;478.229;4.472.915
2021-03-19;9,395;9,396;9,318;9,362;267.479;2.503.769
2021-03-18;9,383;9,441;9,383;9,432;307.248;2.890.924
2021-03-17;9,43;9,44;9,383;9,423;518.841;4.884.122
2021-03-16;9,461;9,484;9,43;9,447;316.794;2.997.192
2021-03-15;9,372;9,405;9,362;9,389;147.158;1.381.339
2021-03-12;9,297;9,33;9,29;9,306;346.481;3.225.463
2021-03-11;9,304;9,332;9,265;9,321;161.840;1.503.823
2021-03-10;9,204;9,294;9,186;9,292;282.109;2.604.444
2021-03-09;9,165;9,259;9,148;9,249;426.192;3.917.002
2021-03-08;9,03;9,219;9,027;9,203;428.530;3.896.193
2021-03-05;8,845;8,958;8,783;8,817;331.577;2.940.470
2021-03-04;8,919;8,946;8,848;8,914;482.876;4.295.685
2021-03-03;9,099;9,118;9,095;9,095;98.503;897.465
2021-03-02;9,132;9,15;9,066;9,066;655.697;5.977.338
2021-03-01;9,044;9,144;9,025;9,142;408.070;3.706.572
2021-02-26;8,951;9,029;8,867;8,966;395.668;3.538.946
2021-02-25;9,168;9,168;9,026;9,032;452.661;4.109.017
2021-02-24;9,088;9,154;9,072;9,145;356.490;3.250.328
2021-02-23;9,139;9,139;8,959;9,056;772.534;6.999.602
2021-02-22;9,177;9,188;9,142;9,171;741.611;6.799.967
2021-02-19;9,235;9,292;9,224;9,285;428.417;3.967.658
2021-02-18;9,306;9,319;9,23;9,254;191.692;1.774.526
2021-02-17;9,281;9,318;9,256;9,273;319.588;2.971.030
2021-02-16;9,331;9,338;9,283;9,288;424.383;3.948.715
2021-02-15;9,313;9,339;9,307;9,337;58.684;547.183
2021-02-12;9,279;9,304;9,25;9,274;192.784;1.789.958
2021-02-11;9,285;9,303;9,267;9,294;316.816;2.941.980
2021-02-10;9,291;9,318;9,207;9,252;205.726;1.908.590
2021-02-09;9,333;9,356;9,288;9,295;350.850;3.264.198
2021-02-08;9,294;9,347;9,293;9,332;266.409;2.484.463
2021-02-05;9,297;9,337;9,26;9,295;272.404;2.533.664
2021-02-04;9,186;9,279;9,186;9,267;338.928;3.131.905
2021-02-03;9,228;9,228;9,156;9,181;534.217;4.913.616
2021-02-02;9,082;9,248;9,078;9,248;500.104;4.581.422
2021-02-01;8,927;8,996;8,916;8,995;281.858;2.524.396
2021-01-29;8,933;9,009;8,894;8,916;572.265;5.126.805
2021-01-28;8,896;9,104;8,855;9,09;143.247;1.288.760
2021-01-27;9,10;9,134;9,015;9,028;414.650;3.761.822
2021-01-26;9,167;9,197;9,13;9,146;405.112;3.711.387
2021-01-25;9,139;9,219;9,084;9,132;420.192;3.840.126
2021-01-22;9,133;9,133;9,079;9,125;162.828;1.483.506
2021-01-21;9,227;9,233;9,153;9,17;266.525;2.448.553
2021-01-20;9,097;9,198;9,081;9,186;354.249;3.243.468
2021-01-19;9,134;9,134;9,09;9,104;400.093;3.647.210
2021-01-18;9,068;9,11;9,068;9,105;344.189;3.131.645
2021-01-15;9,074;9,104;9,04;9,08;234.481;2.125.956
2021-01-14;9,159;9,176;9,126;9,126;248.461;2.274.272
2021-01-13;9,12;9,156;9,112;9,142;96.721;883.181
2021-01-12;9,142;9,166;9,116;9,163;341.697;3.126.411
2021-01-11;9,104;9,173;9,096;9,152;685.633;6.254.627
2021-01-08;9,087;9,111;9,05;9,083;136.497;1.238.897
2021-01-07;8,886;9,005;8,868;8,991;258.542;2.307.883
2021-01-06;8,737;8,90;8,694;8,895;394.110;3.463.822
2021-01-05;8,713;8,749;8,68;8,727;318.120;2.774.993
2021-01-04;8,823;8,848;8,70;8,703;244.203;2.150.985
2020-12-30;8,696;8,726;8,69;8,693;90.323;786.055
2020-12-29;8,767;8,777;8,70;8,715;636.036;5.545.987
2020-12-28;8,754;8,786;8,721;8,756;158.355;1.385.940
2020-12-23;8,689;8,725;8,68;8,713;148.655;1.293.181
2020-12-22;8,663;8,701;8,643;8,68;517.519;4.489.298
2020-12-21;8,728;8,728;8,59;8,644;739.668;6.395.346
2020-12-18;8,709;8,748;8,683;8,697;400.869;3.494.477
2020-12-17;8,667;8,703;8,652;8,696;314.181;2.727.293
2020-12-16;8,682;8,70;8,64;8,673;179.707;1.557.672
2020-12-15;8,619;8,672;8,619;8,633;258.468;2.233.837
2020-12-14;8,646;8,71;8,646;8,67;238.921;2.074.490
2020-12-11;8,608;8,629;8,554;8,616;348.931;2.999.398
2020-12-10;8,632;8,656;8,56;8,624;459.745;3.961.333
2020-12-09;8,708;8,743;8,682;8,692;575.937;5.013.611
2020-12-08;8,652;8,704;8,609;8,704;409.384;3.545.910
2020-12-07;8,647;8,657;8,622;8,652;236.600;2.045.943
2020-12-04;8,599;8,642;8,57;8,642;244.224;2.102.108
2020-12-03;8,594;8,611;8,571;8,599;219.772;1.888.255
2020-12-02;8,646;8,665;8,592;8,615;240.954;2.078.191
2020-12-01;8,774;8,812;8,70;8,713;320.502;2.805.881
2020-11-30;8,671;8,728;8,613;8,646;330.461;2.864.130
2020-11-27;8,731;8,771;8,725;8,75;185.069;1.620.903
2020-11-26;8,719;8,752;8,719;8,734;130.512;1.139.903
2020-11-25;8,777;8,784;8,71;8,741;236.281;2.067.469
2020-11-24;8,747;8,786;8,726;8,759;206.319;1.804.092
2020-11-23;8,622;8,695;8,604;8,66;351.026;3.033.137
2020-11-20;8,588;8,637;8,588;8,633;417.358;3.592.946
2020-11-19;8,615;8,643;8,576;8,613;857.535;7.379.838
2020-11-18;8,631;8,692;8,625;8,692;201.450;1.746.000
2020-11-17;8,688;8,688;8,608;8,654;203.349;1.760.496
2020-11-16;8,638;8,72;8,637;8,672;387.222;3.353.536
2020-11-13;8,556;8,585;8,538;8,555;196.492;1.683.186
2020-11-12;8,554;8,589;8,535;8,562;422.993;3.617.478
2020-11-11;8,549;8,643;8,549;8,625;197.694;1.701.546
2020-11-10;8,566;8,599;8,428;8,50;615.927;5.247.717
2020-11-09;8,545;8,905;8,545;8,712;354.228;3.092.004
2020-11-06;8,495;8,52;8,40;8,481;402.840;3.406.488
2020-11-05;8,529;8,568;8,479;8,532;269.414;2.295.688
2020-11-04;8,277;8,536;8,254;8,536;398.921;3.351.607
2020-11-03;8,208;8,346;8,208;8,34;333.477;2.759.674
2020-11-02;8,06;8,231;8,06;8,192;290.116;2.371.172
2020-10-30;7,998;8,084;7,944;8,023;82.581;661.642
2020-10-29;8,081;8,101;7,988;8,101;186.362;1.502.998
2020-10-28;8,192;8,192;8,029;8,057;70.123;568.938
2020-10-27;8,249;8,27;8,221;8,231;218.081;1.795.332
2020-10-26;8,299;8,316;8,194;8,194;299.623;2.474.870
2020-10-23;8,375;8,40;8,331;8,346;171.878;1.438.685
2020-10-22;8,345;8,398;8,314;8,341;123.399;1.031.114
2020-10-21;8,381;8,408;8,319;8,351;206.935;1.728.124
2020-10-20;8,421;8,432;8,385;8,392;148.577;1.248.615
2020-10-19;8,58;8,60;8,476;8,495;177.164;1.512.274
2020-10-16;8,566;8,624;8,541;8,596;192.569;1.652.620
2020-10-15;8,507;8,519;8,433;8,515;259.361;2.199.393
2020-10-14;8,62;8,636;8,564;8,585;226.694;1.947.581
2020-10-13;8,545;8,601;8,521;8,592;376.639;3.225.483
2020-10-12;8,468;8,545;8,468;8,542;132.587;1.127.887
2020-10-09;8,42;8,448;8,41;8,424;179.265;1.510.255
2020-10-08;8,413;8,435;8,384;8,401;80.265;675.374
2020-10-07;8,282;8,354;8,27;8,332;113.557;941.773
2020-10-06;8,298;8,326;8,273;8,306;93.641;776.582
2020-10-05;8,264;8,286;8,22;8,273;154.334;1.271.874
2020-10-02;8,169;8,24;8,136;8,224;273.114;2.228.263
2020-10-01;8,30;8,315;8,248;8,275;83.101;688.684
2020-09-30;8,091;8,285;8,091;8,257;105.525;860.947
2020-09-29;8,20;8,20;8,158;8,158;478.956;3.923.124
2020-09-28;8,156;8,238;8,156;8,231;168.635;1.382.541
2020-09-25;7,98;8,063;7,921;8,063;102.082;817.042
2020-09-24;7,941;7,982;7,888;7,982;130.248;1.035.786
2020-09-23;8,129;8,155;8,077;8,077;96.630;783.819
2020-09-22;8,014;8,067;8,011;8,03;176.948;1.422.247
2020-09-21;8,062;8,062;7,916;7,945;228.679;1.826.883
2020-09-18;8,117;8,185;8,106;8,109;69.576;567.306
2020-09-17;8,14;8,202;8,089;8,175;120.345;978.665
2020-09-16;8,269;8,291;8,244;8,286;113.187;935.130
2020-09-15;8,179;8,261;8,169;8,259;152.808;1.254.739
2020-09-14;8,111;8,163;8,078;8,16;339.194;2.757.645
2020-09-11;8,06;8,071;8,019;8,049;103.743;835.049
2020-09-10;8,111;8,137;8,063;8,103;143.686;1.163.354
2020-09-09;7,965;8,102;7,965;8,095;252.602;2.029.120
2020-09-08;8,22;8,22;7,968;8,003;282.271;2.262.059
2020-09-07;8,097;8,196;8,097;8,19;167.970;1.367.484
2020-09-04;8,189;8,319;8,03;8,08;258.843;2.128.953
2020-09-03;8,569;8,569;8,264;8,308;226.606;1.919.523
2020-09-02;8,433;8,483;8,433;8,457;345.319;2.922.601
2020-09-01;8,35;8,375;8,271;8,327;550.501;4.587.015
2020-08-31;8,351;8,372;8,269;8,274;183.063;1.527.297
2020-08-28;8,345;8,346;8,275;8,299;78.588;653.989
2020-08-27;8,28;8,38;8,274;8,37;102.637;851.162
2020-08-26;8,214;8,277;8,208;8,271;96.231;792.200
2020-08-25;8,22;8,224;8,157;8,166;287.957;2.358.762
2020-08-24;8,154;8,16;8,115;8,147;30.383;247.587
2020-08-21;8,044;8,131;8,044;8,111;65.541;529.564
2020-08-20;7,989;8,052;7,987;8,052;33.805;270.705
2020-08-19;8,02;8,046;7,994;8,046;34.811;279.134
2020-08-18;8,02;8,075;7,985;8,031;50.418;404.565
2020-08-17;7,961;8,037;7,961;8,026;130.838;1.044.212
2020-08-14;8,009;8,009;7,955;7,989;120.008;958.516
2020-08-13;7,964;7,996;7,943;7,996;63.597;506.354
2020-08-12;7,976;7,989;7,928;7,989;37.484;298.715
2020-08-11;7,961;7,987;7,929;7,97;45.304;360.866
2020-08-10;7,936;7,956;7,892;7,936;46.215;367.003
2020-08-07;7,849;7,914;7,83;7,914;82.318;649.575
2020-08-06;7,821;7,851;7,791;7,825;87.469;684.834
2020-08-05;7,831;7,858;7,81;7,826;89.642;703.111
2020-08-04;7,823;7,829;7,771;7,828;122.760;958.655
2020-08-03;7,74;7,846;7,73;7,831;54.634;425.727
2020-07-31;7,631;7,70;7,63;7,665;159.876;1.227.030
2020-07-30;7,751;7,758;7,656;7,717;115.196;887.477
2020-07-29;7,716;7,775;7,697;7,775;95.641;738.075
2020-07-28;7,764;7,782;7,716;7,776;102.134;792.200
2020-07-27;7,722;7,74;7,672;7,70;103.236;795.421
2020-07-24;7,769;7,818;7,744;7,771;51.457;400.169
2020-07-23;7,924;7,95;7,893;7,91;79.786;633.077
2020-07-22;7,878;7,885;7,823;7,88;260.105;2.047.085
2020-07-21;7,952;7,987;7,924;7,946;149.770;1.192.058
2020-07-20;7,806;7,893;7,799;7,865;111.557;875.750
2020-07-17;7,851;7,857;7,825;7,85;30.392;238.670
2020-07-16;7,813;7,836;7,798;7,819;112.056;875.823
2020-07-15;7,859;7,893;7,808;7,85;145.984;1.148.110
2020-07-14;7,753;7,76;7,639;7,74;423.327;3.261.627
2020-07-13;7,872;7,914;7,836;7,914;62.567;492.704
2020-07-10;7,696;7,748;7,696;7,747;115.774;893.260
2020-07-09;7,731;7,775;7,675;7,678;128.822;999.120
2020-07-08;7,745;7,771;7,702;7,702;168.313;1.303.943
2020-07-07;7,768;7,815;7,737;7,799;185.043;1.434.180
2020-07-06;7,799;7,826;7,761;7,801;551.642;4.290.379
2020-07-03;7,761;7,761;7,68;7,707;39.139;302.923
2020-07-02;7,67;7,784;7,663;7,75;127.146;982.738
2020-07-01;7,681;7,683;7,589;7,63;258.071;1.972.700
2020-06-30;7,489;7,576;7,473;7,556;143.349;1.079.643
2020-06-29;7,39;7,467;7,377;7,467;72.848;540.463
2020-06-26;7,539;7,555;7,431;7,431;224.463;1.681.104
2020-06-25;7,411;7,47;7,378;7,46;149.598;1.114.770
2020-06-24;7,561;7,623;7,438;7,438;206.186;1.558.591
2020-06-23;7,608;7,66;7,588;7,635;392.619;2.988.745
2020-06-22;7,599;7,614;7,544;7,569;52.286;396.961
2020-06-19;7,64;7,706;7,64;7,688;74.779;574.022
2020-06-18;7,60;7,629;7,547;7,622;207.839;1.581.135
2020-06-17;7,602;7,679;7,597;7,637;164.148;1.253.618
2020-06-16;7,49;7,691;7,49;7,583;419.331;3.193.256
2020-06-15;7,19;7,343;7,155;7,34;291.421;2.110.136
2020-06-12;7,349;7,452;7,327;7,389;250.481;1.850.355
2020-06-11;7,585;7,594;7,404;7,404;66.696;501.972
2020-06-10;7,744;7,744;7,662;7,678;270.977;2.083.456
2020-06-09;7,806;7,806;7,679;7,703;51.078;395.531
2020-06-08;7,709;7,769;7,705;7,761;171.513;1.326.225
2020-06-05;7,57;7,774;7,57;7,774;192.761;1.480.840
2020-06-04;7,634;7,644;7,567;7,568;267.282;2.037.405
2020-06-03;7,578;7,645;7,578;7,637;165.858;1.262.609
2020-06-02;7,587;7,603;7,542;7,558;112.184;849.892
2020-05-29;7,539;7,539;7,457;7,464;45.998;345.222
2020-05-28;7,613;7,647;7,606;7,625;153.140;1.166.427
2020-05-27;7,551;7,615;7,44;7,51;94.489;712.316
2020-05-26;7,60;7,634;7,532;7,534;55.707;422.847
2020-05-25;7,539;7,582;7,512;7,579;136.234;1.028.745
2020-05-22;7,351;7,45;7,35;7,446;82.158;609.332
2020-05-21;7,383;7,417;7,366;7,374;136.327;1.009.226
2020-05-20;7,409;7,446;7,388;7,434;221.451;1.645.291
2020-05-19;7,524;7,524;7,398;7,455;66.333;493.379
2020-05-18;7,406;7,549;7,395;7,533;538.929;4.033.030
2020-05-15;7,284;7,302;7,179;7,235;105.702;766.920
2020-05-14;7,161;7,206;7,05;7,147;159.813;1.143.736
2020-05-13;7,279;7,296;7,177;7,20;206.661;1.496.087
2020-05-12;7,405;7,472;7,404;7,419;352.323;2.617.339
2020-05-11;7,43;7,484;7,35;7,434;81.703;604.148
2020-05-08;7,38;7,407;7,373;7,40;522.977;3.864.902
2020-05-07;7,248;7,345;7,248;7,33;435.885;3.189.047
2020-05-06;7,285;7,331;7,241;7,27;382.749;2.787.194
2020-05-05;7,179;7,284;7,152;7,284;276.104;1.993.728
2020-05-04;7,03;7,067;6,977;7,049;318.553;2.240.067
2020-04-30;7,412;7,43;7,277;7,277;235.833;1.739.683
2020-04-29;7,324;7,404;7,293;7,394;523.888;3.826.684
2020-04-28;7,319;7,396;7,272;7,31;115.319;848.921
2020-04-27;7,186;7,272;7,185;7,272;44.141;317.998
2020-04-24;7,056;7,136;7,044;7,066;60.183;426.554
2020-04-23;7,092;7,153;7,065;7,143;172.973;1.229.397
2020-04-22;6,981;7,058;6,981;7,042;140.641;990.454
2020-04-21;7,156;7,156;6,924;6,935;247.594;1.735.726
2020-04-20;7,253;7,27;7,133;7,229;196.779;1.422.101
2020-04-17;7,309;7,365;7,159;7,162;138.969;1.009.523
2020-04-16;7,031;7,09;6,976;7,06;75.758;533.362
2020-04-15;7,087;7,106;6,945;6,947;137.803;973.674
2020-04-14;7,04;7,08;6,972;7,047;105.000;738.293
2020-04-09;6,974;7,029;6,833;6,995;375.011;2.592.715
2020-04-08;6,69;6,853;6,652;6,853;143.398;966.326
2020-04-07;6,849;6,938;6,81;6,89;98.102;675.185
2020-04-06;6,599;6,641;6,559;6,619;230.211;1.521.163
2020-04-03;6,379;6,461;6,33;6,36;35.110;223.709
2020-04-02;6,28;6,35;6,15;6,35;283.813;1.783.845
2020-04-01;6,259;6,298;6,207;6,279;119.797;749.535
2020-03-31;6,583;6,62;6,476;6,569;104.010;681.996
2020-03-30;6,27;6,477;6,203;6,465;99.449;633.609
2020-03-27;6,38;6,396;6,232;6,317;249.276;1.579.102
2020-03-26;6,13;6,445;6,027;6,435;548.715;3.449.138
2020-03-25;6,241;6,335;6,055;6,314;493.314;3.077.328
2020-03-24;5,89;6,162;5,805;6,148;172.153;1.018.017
2020-03-23;5,581;5,981;5,57;5,661;94.939;541.546
2020-03-20;6,291;6,352;6,015;6,104;134.793;840.737
2020-03-19;5,951;6,183;5,90;6,055;104.615;634.712
2020-03-18;6,009;6,079;5,845;5,94;455.194;2.723.327
2020-03-17;6,229;6,338;5,853;6,209;192.720;1.164.877
2020-03-16;6,141;6,25;5,78;6,155;369.702;2.212.541
2020-03-13;6,253;6,409;6,114;6,257;642.552;3.986.965
2020-03-12;6,314;6,325;5,97;6,154;155.392;963.396
2020-03-11;6,743;6,799;6,616;6,675;280.573;1.875.320
2020-03-10;6,729;6,889;6,50;6,621;179.599;1.208.932
2020-03-09;6,61;6,758;6,49;6,65;238.375;1.581.360
2020-03-06;7,24;7,251;6,964;7,09;345.733;2.465.520
2020-03-05;7,514;7,525;7,362;7,431;270.474;2.009.076
2020-03-04;7,398;7,496;7,378;7,444;380.778;2.829.470
2020-03-03;7,44;7,573;7,35;7,378;833.739;6.204.471
2020-03-02;7,314;7,346;7,033;7,295;300.969;2.183.583
2020-02-28;7,21;7,261;7,036;7,173;507.461;3.636.025
2020-02-27;7,654;7,662;7,445;7,523;900.833;6.824.593
2020-02-26;7,809;7,888;7,677;7,862;202.678;1.580.601
2020-02-25;8,088;8,088;7,909;7,909;198.273;1.596.171
2020-02-24;8,17;8,17;8,052;8,052;323.015;2.619.748
2020-02-21;8,349;8,365;8,282;8,298;162.711;1.355.270
2020-02-20;8,429;8,433;8,306;8,306;401.618;3.358.294
2020-02-19;8,398;8,433;8,358;8,433;840.990;7.059.040
2020-02-18;8,31;8,37;8,299;8,315;650.460;5.421.431
2020-02-17;8,36;8,361;8,339;8,34;143.197;1.195.179
2020-02-14;8,316;8,334;8,29;8,32;132.775;1.104.705
2020-02-13;8,233;8,296;8,201;8,296;435.399;3.588.317
2020-02-12;8,206;8,239;8,206;8,23;138.271;1.137.070
2020-02-11;8,191;8,224;8,171;8,189;134.888;1.105.423
2020-02-10;8,087;8,147;8,06;8,147;45.606;368.810
2020-02-07;8,111;8,125;8,073;8,098;100.321;812.945
2020-02-06;8,123;8,131;8,09;8,113;245.524;1.990.511
2020-02-05;8,068;8,095;8,027;8,057;292.322;2.357.837
2020-02-04;7,88;8,014;7,88;8,014;76.906;612.693
2020-02-03;7,759;7,865;7,75;7,83;61.096;476.593
2020-01-31;7,86;7,88;7,729;7,734;633.750;4.953.255
2020-01-30;7,828;7,854;7,80;7,836;456.647;3.575.382
2020-01-29;7,885;7,922;7,88;7,908;178.418;1.409.575
2020-01-28;7,833;7,887;7,796;7,881;193.767;1.513.271
2020-01-27;7,81;7,826;7,753;7,81;131.688;1.027.319
2020-01-24;7,945;7,978;7,927;7,927;72.046;573.432
2020-01-23;7,92;7,92;7,874;7,894;290.675;2.298.494
2020-01-22;7,921;7,966;7,92;7,93;242.185;1.921.756
2020-01-21;7,89;7,906;7,859;7,906;84.826;667.873
2020-01-20;7,91;7,915;7,888;7,892;129.941;1.026.544
2020-01-17;7,88;7,916;7,859;7,908;32.901;259.444
2020-01-16;7,829;7,835;7,813;7,832;40.868;319.702
2020-01-15;7,82;7,822;7,77;7,798;141.591;1.103.703
2020-01-14;7,793;7,808;7,765;7,804;50.948;397.273
2020-01-13;7,769;7,772;7,75;7,755;103.157;800.980
2020-01-10;7,796;7,804;7,766;7,766;93.239;726.686
2020-01-09;7,775;7,776;7,75;7,769;34.314;266.470
2020-01-08;7,641;7,709;7,626;7,709;49.465;379.638
2020-01-07;7,64;7,683;7,64;7,668;78.104;598.115
2020-01-06;7,605;7,624;7,563;7,624;60.679;460.539
2020-01-03;7,627;7,658;7,594;7,639;88.445;674.939
2020-01-02;7,66;7,685;7,629;7,629;334.721;2.569.664
2019-12-30;7,679;7,679;7,65;7,659;48.633;372.890
2019-12-27;7,72;7,73;7,667;7,667;103.500;797.754
2019-12-23;7,748;7,748;7,70;7,70;80.976;624.632
2019-12-20;7,651;7,723;7,639;7,723;52.462;402.095
2019-12-19;7,617;7,625;7,591;7,623;89.470;679.829
2019-12-18;7,595;7,626;7,585;7,61;66.096;501.838
2019-12-17;7,574;7,599;7,565;7,577;211.723;1.606.093
2019-12-16;7,574;7,599;7,567;7,595;91.457;693.319
2019-12-13;7,541;7,549;7,514;7,525;114.350;862.348
2019-12-12;7,499;7,585;7,459;7,525;194.589;1.464.589
2019-12-11;7,509;7,515;7,49;7,497;117.045;878.013
2019-12-10;7,519;7,519;7,477;7,498;59.596;447.285
2019-12-09;7,524;7,537;7,50;7,537;234.248;1.760.664
2019-12-06;7,442;7,55;7,441;7,55;52.915;394.926
2019-12-05;7,466;7,473;7,425;7,425;51.826;386.199
2019-12-04;7,387;7,442;7,387;7,442;24.791;184.024
2019-12-03;7,456;7,465;7,362;7,366;73.142;541.475
2019-12-02;7,60;7,603;7,433;7,433;119.607;901.991
2019-11-29;7,569;7,593;7,552;7,552;59.707;452.537
2019-11-28;7,575;7,59;7,549;7,58;263.004;1.987.226
2019-11-27;7,586;7,605;7,563;7,575;59.250;449.852
2019-11-26;7,536;7,571;7,523;7,558;138.907;1.047.791
2019-11-25;7,481;7,533;7,481;7,523;21.868;164.460
2019-11-22;7,459;7,461;7,441;7,441;115.037;857.681
2019-11-21;7,436;7,458;7,409;7,415;68.502;508.800
2019-11-20;7,432;7,466;7,424;7,452;58.634;437.015
2019-11-19;7,489;7,489;7,44;7,443;65.359;487.803
2019-11-18;7,441;7,487;7,436;7,44;179.474;1.338.993
2019-11-15;7,458;7,465;7,433;7,457;99.481;741.922
2019-11-14;7,439;7,45;7,423;7,423;43.089;320.352
2019-11-13;7,386;7,405;7,362;7,405;214.078;1.580.745
2019-11-12;7,372;7,419;7,366;7,402;39.288;290.392
2019-11-11;7,359;7,362;7,339;7,349;46.219;340.022
2019-11-08;7,33;7,37;7,33;7,358;31.320;229.962
2019-11-07;7,343;7,354;7,314;7,354;31.824;233.353
2019-11-06;7,285;7,296;7,276;7,295;236.720;1.726.518
2019-11-05;7,303;7,319;7,286;7,304;72.678;531.081
2019-11-04;7,252;7,284;7,252;7,276;60.209;437.333
2019-11-01;7,209;7,242;7,206;7,227;86.925;628.241
2019-10-31;7,213;7,22;7,171;7,174;224.575;1.617.769
2019-10-30;7,213;7,236;7,20;7,211;35.798;258.599
2019-10-29;7,223;7,238;7,198;7,238;44.278;320.005
2019-10-28;7,23;7,249;7,20;7,20;79.957;577.003
2019-10-25;7,154;7,194;7,133;7,19;380.401;2.733.306
2019-10-24;7,097;7,156;7,097;7,156;76.170;541.882
2019-10-23;7,083;7,087;7,07;7,082;17.756;125.750
2019-10-22;7,098;7,131;7,086;7,106;133.981;952.180
2019-10-21;7,057;7,08;7,051;7,08;51.972;367.656
2019-10-18;7,074;7,087;7,051;7,051;87.054;615.995
2019-10-17;7,107;7,113;7,084;7,084;63.555;451.652
2019-10-16;7,128;7,15;7,10;7,105;49.624;352.985
2019-10-15;7,135;7,171;7,131;7,155;56.041;400.787
2019-10-14;7,129;7,129;7,086;7,119;24.151;171.792
2019-10-11;7,087;7,152;7,087;7,152;60.694;431.938
2019-10-10;7,016;7,074;6,99;7,074;2.465;17.273
2019-10-09;6,966;7,036;6,966;7,017;233.234;1.637.963
2019-10-08;7,067;7,074;6,981;7,00;68.361;480.384
2019-10-07;7,051;7,091;7,051;7,091;53.216;376.113
2019-10-04;7,01;7,073;6,965;7,073;154.310;1.081.415
2019-10-02;7,119;7,119;6,958;6,958;34.840;244.859
2019-10-01;7,277;7,277;7,166;7,166;277.685;2.007.282
2019-09-30;7,177;7,23;7,177;7,23;27.853;200.434
2019-09-27;7,225;7,249;7,20;7,20;422.663;3.052.082
2019-09-26;7,195;7,227;7,172;7,172;49.826;358.479
2019-09-25;7,135;7,159;7,099;7,159;123.463;878.494
2019-09-24;7,188;7,208;7,155;7,155;62.342;447.931
2019-09-23;7,164;7,191;7,141;7,187;59.716;428.801
2019-09-20;7,167;7,206;7,167;7,189;61.808;443.676
2019-09-19;7,148;7,196;7,139;7,196;17.855;128.145
2019-09-18;7,141;7,152;7,121;7,125;2.190.768;15.607.119
2019-09-17;7,14;7,155;7,128;7,128;39.943;285.265
2019-09-16;7,097;7,169;7,097;7,163;34.289;245.083
2019-09-13;7,123;7,155;7,123;7,154;96.801;691.821
2019-09-12;7,159;7,239;7,14;7,14;160.143;1.145.591
2019-09-11;7,096;7,137;7,095;7,13;20.772;147.914
2019-09-10;7,109;7,118;7,044;7,044;43.036;305.875
2019-09-09;7,176;7,176;7,116;7,117;174.984;1.247.702
2019-09-06;7,141;7,155;7,114;7,135;37.219;265.487
2019-09-05;7,115;7,134;7,093;7,134;85.352;606.447
2019-09-04;7,056;7,082;7,018;7,047;64.686;457.010
2019-09-03;7,043;7,063;7,00;7,038;37.766;266.170
2019-09-02;7,045;7,071;7,045;7,047;13.175;92.958
2019-08-30;7,041;7,088;7,035;7,037;460.543;3.254.774
2019-08-29;6,891;7,02;6,891;7,02;18.147;126.583
2019-08-28;6,879;6,897;6,86;6,897;13.376;92.041
2019-08-27;6,851;6,916;6,845;6,888;65.505;451.117
2019-08-26;6,807;6,87;6,807;6,848;17.511;119.664
2019-08-23;6,996;7,012;6,812;6,812;53.933;376.412
2019-08-22;6,989;7,02;6,93;6,947;99.949;697.099
2019-08-21;6,941;6,982;6,941;6,982;23.921;166.551
2019-08-20;6,971;6,98;6,946;6,969;80.783;563.678
2019-08-19;6,956;6,958;6,935;6,952;11.307;78.504
2019-08-16;6,828;6,875;6,826;6,875;26.544;181.557
2019-08-15;6,802;6,802;6,706;6,783;20.765;139.998
2019-08-14;6,919;6,919;6,808;6,81;752.123;5.157.403
2019-08-13;6,795;6,901;6,757;6,887;23.442;159.025
2019-08-12;6,919;6,919;6,797;6,797;36.290;249.796
2019-08-09;6,909;6,909;6,834;6,834;15.581;107.139
2019-08-08;6,789;6,867;6,775;6,867;96.608;658.383
2019-08-07;6,753;6,80;6,64;6,701;42.740;287.313
2019-08-06;6,676;6,768;6,664;6,72;188.071;1.261.764
2019-08-05;6,864;6,882;6,77;6,77;94.337;644.121
2019-08-02;6,989;6,989;6,908;6,925;16.250;112.893
2019-08-01;7,059;7,149;7,059;7,149;31.544;223.094
2019-07-31;7,099;7,118;7,09;7,099;123.647;878.931
2019-07-30;7,101;7,121;7,075;7,101;151.195;1.073.703
2019-07-29;7,119;7,129;7,10;7,117;55.411;394.435
2019-07-26;7,051;7,098;7,051;7,098;24.701;174.362
2019-07-25;7,109;7,127;7,029;7,052;39.012;276.880
2019-07-24;7,069;7,071;7,04;7,049;185.103;1.307.250
2019-07-23;7,019;7,04;6,997;7,025;63.125;443.521
2019-07-22;6,961;6,984;6,96;6,967;42.284;294.788
2019-07-19;6,984;7,016;6,984;7,006;119.357;834.514
2019-07-18;6,958;6,971;6,93;6,936;22.640;157.648
2019-07-17;7,01;7,039;6,986;6,986;28.317;199.116
2019-07-16;7,037;7,059;7,031;7,033;96.318;678.798
2019-07-15;7,005;7,036;7,005;7,017;24.365;171.025
2019-07-12;6,999;7,021;6,991;6,991;55.956;391.713
2019-07-11;6,966;6,973;6,95;6,963;21.218;147.750
2019-07-10;6,932;6,966;6,916;6,944;92.563;642.116
2019-07-09;6,913;6,943;6,913;6,936;44.882;311.282
2019-07-08;6,951;6,973;6,943;6,943;125.672;874.771
2019-07-05;6,973;6,984;6,944;6,958;71.454;497.944
2019-07-04;6,96;6,985;6,956;6,979;19.743;137.605
2019-07-03;6,919;6,95;6,914;6,948;56.408;390.532
2019-07-02;6,87;6,891;6,86;6,86;197.600;1.360.325
2019-07-01;6,886;6,886;6,857;6,874;94.196;648.152
2019-06-28;6,742;6,765;6,742;6,756;45.033;304.341
2019-06-27;6,744;6,753;6,726;6,728;39.628;267.163
2019-06-26;6,749;6,77;6,73;6,73;13.422;90.609
2019-06-25;6,788;6,79;6,762;6,764;118.597;804.032
2019-06-24;6,829;6,829;6,794;6,814;67.794;462.304
2019-06-21;6,862;6,862;6,84;6,861;4.074;27.914
2019-06-20;6,864;6,867;6,839;6,845;52.788;361.839
2019-06-19;6,821;6,848;6,804;6,804;113.786;776.361
2019-06-18;6,749;6,852;6,749;6,835;132.299;893.406
2019-06-17;6,782;6,785;6,73;6,75;43.381;292.658
2019-06-14;6,725;6,744;6,709;6,744;21.952;147.835
2019-06-13;6,651;6,71;6,651;6,695;32.249;215.222
2019-06-12;6,649;6,658;6,645;6,656;46.899;311.817
2019-06-11;6,70;6,726;6,687;6,687;162.260;1.089.160
2019-06-07;6,635;6,674;6,631;6,655;155.040;1.031.729
2019-06-06;6,61;6,613;6,573;6,591;104.468;688.031
2019-06-05;6,52;6,553;6,504;6,553;2.539.303;16.557.970
2019-06-04;6,367;6,48;6,367;6,48;77.700;496.092
2019-06-03;6,417;6,445;6,392;6,43;49.795;319.827
2019-05-31;6,447;6,479;6,43;6,464;75.911;490.905
2019-05-30;6,509;6,517;6,492;6,507;1.417;9.210
2019-05-29;6,508;6,508;6,483;6,491;42.153;274.135
2019-05-28;6,60;6,60;6,575;6,58;43.549;286.838
2019-05-27;6,588;6,595;6,575;6,583;75.412;496.566
2019-05-24;6,578;6,603;6,543;6,57;48.230;317.649
2019-05-23;6,627;6,627;6,558;6,558;59.597;393.229
2019-05-22;6,645;6,655;6,625;6,655;109.095;724.767
2019-05-21;6,628;6,671;6,625;6,656;43.037;285.971
2019-05-20;6,679;6,679;6,60;6,627;129.837;861.102
2019-05-17;6,663;6,728;6,654;6,706;59.434;397.388
2019-05-16;6,593;6,723;6,587;6,723;26.334;175.089
2019-05-15;6,599;6,612;6,55;6,612;51.861;340.857
2019-05-14;6,519;6,591;6,51;6,591;112.615;738.883
2019-05-13;6,579;6,58;6,487;6,507;68.105;443.943
2019-05-10;6,591;6,613;6,517;6,517;169.534;1.111.928
2019-05-09;6,637;6,637;6,549;6,549;37.811;250.015
2019-05-08;6,673;6,69;6,63;6,663;38.070;253.697
2019-05-07;6,757;6,757;6,672;6,686;50.094;337.798
2019-05-06;6,695;6,755;6,68;6,755;73.837;497.370
2019-05-03;6,761;6,787;6,761;6,787;13.243;89.556
2019-05-02;6,752;6,759;6,73;6,734;28.346;191.262
2019-04-30;6,806;6,808;6,769;6,782;12.431;84.351
2019-04-29;6,825;6,85;6,81;6,81;118.356;808.879
2019-04-26;6,783;6,822;6,783;6,798;247.243;1.679.454
2019-04-25;6,811;6,863;6,811;6,822;55.939;381.747
2019-04-24;6,758;6,805;6,758;6,786;41.620;282.105
2019-04-23;6,714;6,771;6,691;6,771;124.617;840.420
2019-04-18;6,649;6,70;6,646;6,696;29.564;197.143
2019-04-17;6,666;6,703;6,659;6,659;48.605;324.415
2019-04-16;6,696;6,715;6,684;6,69;39.412;263.984
2019-04-15;6,68;6,689;6,653;6,669;131.161;875.911
2019-04-12;6,62;6,661;6,62;6,661;42.782;284.038
2019-04-11;6,637;6,647;6,617;6,633;58.914;391.062
2019-04-10;6,62;6,63;6,608;6,63;60.881;403.120
2019-04-09;6,643;6,647;6,591;6,592;139.913;926.970
2019-04-08;6,66;6,66;6,608;6,643;146.057;971.079
2019-04-05;6,643;6,664;6,614;6,657;89.217;592.385
2019-04-04;6,596;6,641;6,596;6,608;18.325;121.501
2019-04-03;6,595;6,638;6,595;6,634;57.564;381.068
2019-04-02;6,61;6,615;6,594;6,60;27.112;179.116
2019-04-01;6,565;6,592;6,553;6,59;97.752;642.123
2019-03-29;6,50;6,51;6,479;6,493;76.576;497.262
2019-03-28;6,423;6,465;6,413;6,436;168.152;1.082.339
2019-03-27;6,465;6,465;6,381;6,40;23.669;151.569
2019-03-26;6,392;6,427;6,385;6,413;38.520;246.737
2019-03-25;6,34;6,368;6,34;6,356;18.224;115.888
2019-03-22;6,452;6,469;6,398;6,398;26.190;168.921
2019-03-21;6,37;6,45;6,337;6,44;81.493;518.811
2019-03-20;6,45;6,452;6,39;6,39;237.117;1.516.742
2019-03-19;6,449;6,487;6,449;6,471;85.038;550.143
2019-03-18;6,42;6,448;6,42;6,448;57.907;372.535
2019-03-15;6,409;6,454;6,405;6,454;46.491;298.290
2019-03-14;6,416;6,421;6,40;6,41;32.812;210.402
2019-03-13;6,381;6,419;6,351;6,40;158.389;1.010.639
2019-03-12;6,387;6,387;6,345;6,359;37.708;239.950
2019-03-11;6,29;6,364;6,28;6,357;105.813;669.591
2019-03-08;6,298;6,298;6,24;6,248;85.951;538.120
2019-03-07;6,298;6,323;6,27;6,323;41.910;263.199
2019-03-06;6,339;6,365;6,31;6,31;169.042;1.073.061
2019-03-05;6,363;6,37;6,338;6,37;68.093;433.445
2019-03-04;6,394;6,419;6,364;6,364;113.714;728.507
2019-03-01;6,37;6,388;6,328;6,328;141.276;900.694
2019-02-28;6,33;6,35;6,301;6,321;100.103;633.926
2019-02-27;6,328;6,35;6,311;6,345;58.036;367.248
2019-02-26;6,333;6,371;6,33;6,366;107.182;680.355
2019-02-25;6,371;6,406;6,371;6,387;129.818;829.371
2019-02-22;6,31;6,366;6,31;6,366;54.891;348.128
2019-02-21;6,317;6,333;6,299;6,31;230.009;1.450.879
2019-02-20;6,309;6,309;6,285;6,285;68.674;432.388
2019-02-19;6,325;6,327;6,30;6,303;557.009;3.519.328
2019-02-18;6,315;6,327;6,296;6,304;30.497;192.660
2019-02-15;6,211;6,335;6,211;6,313;23.091;144.823
2019-02-14;6,277;6,285;6,205;6,233;104.438;651.762
2019-02-13;6,224;6,267;6,218;6,24;82.682;515.414
2019-02-12;6,179;6,212;6,179;6,207;59.533;369.387
2019-02-11;6,125;6,162;6,125;6,149;33.102;203.690
2019-02-08;6,082;6,097;6,064;6,071;105.399;640.429
2019-02-07;6,141;6,142;6,069;6,069;28.719;175.860
2019-02-06;6,137;6,15;6,117;6,134;33.432;205.151
2019-02-05;6,085;6,143;6,085;6,131;124.273;760.113
2019-02-04;6,049;6,058;6,038;6,058;45.990;278.492
2019-02-01;6,042;6,057;6,02;6,03;116.512;703.389
2019-01-31;5,983;6,006;5,959;6,006;120.150;718.290
2019-01-30;5,942;5,98;5,942;5,979;24.696;147.071
2019-01-29;5,935;5,976;5,933;5,935;25.323;150.710
2019-01-28;6,019;6,019;5,937;5,937;9.436;56.608
2019-01-25;6,069;6,069;6,031;6,031;12.595;76.231
2019-01-24;6,002;6,047;5,991;6,022;65.525;395.116
2019-01-23;5,974;6,052;5,974;5,982;73.463;442.398
2019-01-22;6,012;6,039;6,01;6,016;46.256;279.040
2019-01-21;6,024;6,041;6,023;6,036;38.021;229.508
2019-01-18;5,972;6,059;5,972;6,059;6.749;40.448
2019-01-17;5,885;5,94;5,885;5,94;19.202;113.234
2019-01-16;5,916;5,923;5,898;5,923;58.578;346.263
2019-01-15;5,84;5,885;5,826;5,885;16.157;94.478
2019-01-14;5,794;5,804;5,78;5,80;8.061;46.711
2019-01-11;5,79;5,817;5,783;5,815;33.534;194.727
2019-01-10;5,718;5,796;5,715;5,796;38.471;221.043
2019-01-09;5,79;5,802;5,781;5,781;8.903;51.612
2019-01-08;5,757;5,811;5,734;5,734;134.047;774.915
2019-01-07;5,705;5,738;5,683;5,738;57.913;330.434
2019-01-04;5,588;5,68;5,571;5,68;26.951;151.030
2019-01-03;5,588;5,63;5,559;5,577;20.505;114.674
2019-01-02;5,579;5,672;5,557;5,672;124.744;700.073
2018-12-28;5,59;5,652;5,59;5,651;35.446;199.082
2018-12-27;5,541;5,616;5,467;5,511;47.949;265.232
2018-12-21;5,59;5,655;5,57;5,62;29.703;166.277
2018-12-20;5,62;5,654;5,60;5,604;25.960;146.117
2018-12-19;5,757;5,784;5,748;5,776;43.012;248.011
2018-12-18;5,787;5,82;5,781;5,787;51.776;300.389
2018-12-17;5,939;5,94;5,869;5,883;25.488;150.447
2018-12-14;5,937;6,015;5,937;5,999;16.900;101.209
2018-12-13;6,011;6,04;5,983;6,014;49.662;316.747
2018-12-12;6,02;6,065;6,002;6,05;59.278;358.631
2018-12-11;5,95;6,075;5,937;6,02;23.969;143.386
2018-12-10;5,889;5,917;5,845;5,858;16.988;99.883
2018-12-07;6,015;6,08;5,974;5,974;16.253;98.619
2018-12-06;6,049;6,049;5,94;5,94;14.452;86.639
2018-12-05;6,121;6,174;6,114;6,114;31.600;194.216
2018-12-04;6,249;6,256;6,231;6,241;32.299;201.682
2018-12-03;6,36;6,36;6,259;6,259;24.320;153.583
2018-11-30;6,16;6,20;6,158;6,197;27.881;171.836
2018-11-29;6,145;6,177;6,144;6,144;46.664;287.498
2018-11-28;6,121;6,125;6,118;6,119;2.212;13.540
2018-11-27;6,05;6,068;6,024;6,068;11.225;67.866
2018-11-26;5,989;6,032;5,983;6,012;46.859;281.072
2018-11-23;5,919;5,972;5,919;5,972;10.889;64.673
2018-11-22;5,947;5,947;5,899;5,899;23.674;140.282
2018-11-21;5,944;5,972;5,93;5,972;4.955;29.457
2018-11-20;5,973;5,976;5,926;5,936;43.804;261.086
2018-11-19;6,126;6,126;6,016;6,019;21.624;131.813
2018-11-16;6,121;6,121;6,087;6,087;47.412;289.369
2018-11-15;6,087;6,10;6,045;6,10;29.233;177.510
2018-11-14;6,11;6,162;6,107;6,107;22.326;137.121
2018-11-13;6,179;6,179;6,145;6,179;11.939;73.599
2018-11-12;6,262;6,262;6,156;6,156;44.726;278.938
2018-11-09;6,242;6,242;6,19;6,206;10.713;66.599
2018-11-08;6,223;6,224;6,203;6,216;19.047;118.447
2018-11-07;6,091;6,156;6,091;6,154;69.262;424.154
2018-11-06;6,083;6,083;6,044;6,074;100.007;608.047
2018-11-05;6,021;6,044;6,003;6,044;55.120;331.475
2018-11-02;6,09;6,09;6,009;6,009;36.748;222.983
2018-11-01;6,008;6,03;5,997;6,026;7.106;42.774
2018-10-31;6,004;6,061;6,002;6,043;23.692;142.449
2018-10-30;5,881;5,899;5,865;5,899;4.476;26.397
2018-10-29;5,895;5,949;5,862;5,918;29.586;174.207
2018-10-26;5,88;5,94;5,868;5,887;23.346;137.342
2018-10-25;5,848;5,95;5,848;5,95;56.140;329.535
2018-10-24;5,934;5,972;5,934;5,937;2.959;17.605
2018-10-23;5,951;5,979;5,89;5,908;48.217;287.504
2018-10-22;6,027;6,061;6,017;6,039;23.109;139.605
2018-10-19;6,09;6,09;6,064;6,064;17.756;107.902
2018-10-18;6,101;6,132;6,055;6,055;30.746;187.950
2018-10-17;6,122;6,122;6,054;6,08;30.639;186.669
2018-10-16;5,97;6,062;5,963;6,054;40.304;241.566
2018-10-15;5,989;6,007;5,97;6,006;15.200;91.166
2018-10-12;6,01;6,028;6,007;6,007;23.883;143.661
2018-10-11;6,022;6,035;5,966;5,997;72.951;436.999
2018-10-10;6,319;6,319;6,169;6,169;3.543;22.336
2018-10-09;6,319;6,332;6,315;6,332;11.489;72.619
2018-10-08;6,339;6,348;6,308;6,308;47.287;299.501
2018-10-05;6,379;6,379;6,328;6,328;29.366;186.972
2018-10-04;6,429;6,429;6,36;6,38;10.450;66.961
2018-10-02;6,404;6,412;6,394;6,394;4.352;27.895
2018-10-01;6,401;6,406;6,389;6,406;11.262;72.050
2018-09-28;6,322;6,346;6,322;6,342;11.382;72.129
2018-09-27;6,28;6,316;6,26;6,316;27.221;171.088
2018-09-26;6,274;6,28;6,267;6,269;10.823;67.897
2018-09-25;6,264;6,286;6,257;6,269;26.083;163.559
2018-09-24;6,292;6,293;6,255;6,257;36.233;227.712
2018-09-21;6,297;6,315;6,285;6,309;9.870;62.192
2018-09-20;6,27;6,28;6,25;6,28;4.013;25.119
2018-09-19;6,261;6,279;6,256;6,272;27.982;175.216
2018-09-18;6,233;6,263;6,233;6,263;25.364;158.293
2018-09-17;6,295;6,295;6,25;6,254;4.373;27.433
2018-09-14;6,258;6,28;6,258;6,28;17.217;107.885
2018-09-13;6,231;6,268;6,231;6,243;52.491;328.480
2018-09-12;6,273;6,273;6,233;6,233;5.072;31.745
2018-09-11;6,245;6,253;6,223;6,246;11.367;70.996
2018-09-10;6,259;6,261;6,244;6,247;23.901;149.545
2018-09-07;6,215;6,242;6,194;6,242;7.127;44.323
2018-09-06;6,232;6,24;6,209;6,209;15.850;98.747
2018-09-05;6,27;6,292;6,223;6,223;58.627;367.910
2018-09-04;6,339;6,339;6,297;6,301;11.188;70.697
2018-09-03;6,315;6,32;6,30;6,301;145.666;920.043
2018-08-31;6,258;6,294;6,234;6,294;7.500;46.976
2018-08-30;6,269;6,284;6,266;6,281;7.786;48.841
2018-08-29;6,267;6,279;6,26;6,279;15.007;93.955
2018-08-28;6,245;6,245;6,226;6,226;24.612;153.539
2018-08-27;6,264;6,264;6,24;6,24;8.238;51.507
2018-08-24;6,223;6,225;6,219;6,222;8.464;52.682
2018-08-23;6,223;6,226;6,202;6,202;5.655;35.185
2018-08-22;6,209;6,209;6,174;6,206;6.477;40.201
2018-08-21;6,231;6,264;6,231;6,25;43.246;270.438
2018-08-20;6,304;6,309;6,269;6,271;35.087;221.020
2018-08-17;6,308;6,308;6,263;6,269;16.818;105.942
2018-08-16;6,291;6,307;6,268;6,307;4.198;26.352
2018-08-15;6,338;6,338;6,282;6,282;5.365;33.996
2018-08-14;6,277;6,326;6,277;6,32;25.775;162.083
2018-08-13;6,288;6,296;6,275;6,275;6.721;42.295
2018-08-10;6,281;6,303;6,269;6,303;41.017;257.948
2018-08-09;6,249;6,269;6,245;6,264;46.263;289.142
2018-08-08;6,225;6,263;6,225;6,25;15.098;94.397
2018-08-07;6,255;6,265;6,231;6,251;7.211;45.133
2018-08-06;6,245;6,251;6,212;6,24;17.084;106.679
2018-08-03;6,192;6,212;6,184;6,194;15.357;95.219
2018-08-02;6,108;6,136;6,084;6,136;7.049;43.032
2018-08-01;6,106;6,106;6,093;6,103;13.393;81.705
2018-07-31;6,064;6,108;6,06;6,10;17.309;105.293
2018-07-30;6,12;6,12;6,064;6,064;8.047;49.215
2018-07-27;6,206;6,215;6,159;6,159;15.898;98.614
2018-07-26;6,166;6,221;6,146;6,20;43.467;268.331
2018-07-25;6,099;6,136;6,091;6,136;39.181;238.935
2018-07-24;6,126;6,126;6,107;6,111;15.893;97.228
2018-07-23;6,068;6,087;6,047;6,082;33.629;204.320
2018-07-20;6,11;6,125;6,089;6,089;15.744;96.387
2018-07-19;6,125;6,136;6,115;6,135;42.377;259.679
2018-07-18;6,114;6,13;6,097;6,11;70.764;433.044
2018-07-17;6,03;6,058;6,02;6,058;14.587;87.973
2018-07-16;6,074;6,074;6,033;6,044;55.828;337.078
2018-07-13;6,088;6,088;6,061;6,079;4.411;26.805
2018-07-12;6,019;6,054;6,019;6,0315;23.814;143.521
2018-07-11;5,959;5,996;5,959;5,9895;53.097;317.370
2018-07-10;5,999;6,04;5,992;6,004;111.818;672.105
2018-07-09;5,956;5,965;5,941;5,965;11.465;68.153
2018-07-06;5,909;5,919;5,879;5,919;30.456;179.832
2018-07-05;5,876;5,885;5,876;5,882;33.247;195.518
2018-07-04;5,873;5,891;5,871;5,885;13.532;79.597
2018-07-03;5,919;5,935;5,903;5,908;98.559;583.441
2018-07-02;5,867;5,90;5,858;5,89;29.144;171.248
2018-06-29;5,901;5,922;5,89;5,9125;96.440;569.253
2018-06-28;5,912;5,912;5,85;5,879;58.780;346.430
2018-06-27;5,877;5,937;5,877;5,937;13.485;79.356
2018-06-26;5,888;5,895;5,868;5,875;133.317;784.127
2018-06-25;5,952;5,952;5,849;5,849;49.794;294.771
2018-06-22;5,976;5,99;5,965;5,976;32.046;191.734
2018-06-21;6,074;6,078;5,992;5,992;46.394;280.964
2018-06-20;6,047;6,059;6,028;6,0315;10.563;63.901
2018-06-19;5,985;6,009;5,985;6,009;27.506;165.101
2018-06-18;6,059;6,059;6,015;6,015;118.715;715.741
2018-06-15;6,10;6,10;6,02;6,022;15.022;90.935
2018-06-14;5,94;6,071;5,94;6,059;79.561;480.209
2018-06-13;6,014;6,014;5,985;6,006;39.008;234.095
2018-06-12;5,983;5,983;5,963;5,977;15.045;89.837
2018-06-11;5,957;5,97;5,943;5,96;32.898;196.107
2018-06-08;5,921;5,959;5,921;5,945;80.514;479.318
2018-06-07;5,95;5,95;5,918;5,925;9.818;58.335
2018-06-06;5,943;5,943;5,90;5,924;17.608;104.150
2018-06-05;5,905;5,967;5,905;5,924;49.031;291.176
2018-06-04;5,931;5,931;5,908;5,929;13.522;79.979
2018-06-01;5,866;5,915;5,862;5,908;226.609;1.330.796
2018-05-31;5,90;5,922;5,877;5,885;75.027;442.559
2018-05-30;5,906;5,906;5,892;5,899;58.502;344.935
2018-05-29;5,914;5,917;5,897;5,907;22.365;132.074
2018-05-28;5,90;5,919;5,895;5,919;18.565;109.688
2018-05-25;5,889;5,904;5,884;5,90;95.663;563.856
2018-05-24;5,888;5,888;5,842;5,85;30.675;180.118
2018-05-23;5,85;5,865;5,831;5,856;10.240;59.974
2018-05-22;5,879;5,879;5,856;5,872;26.840;157.484
2018-05-18;5,825;5,831;5,815;5,831;60.196;350.665
2018-05-17;5,813;5,85;5,813;5,843;29.589;172.370
2018-05-16;5,793;5,816;5,778;5,816;112.206;648.728
2018-05-15;5,761;5,796;5,761;5,767;173.340;1.003.582
2018-05-14;5,797;5,797;5,759;5,776;17.325;100.043
2018-05-11;5,788;5,788;5,764;5,772;8.977;51.889
2018-05-10;5,776;5,776;5,75;5,77;10.954;63.212
2018-05-09;5,731;5,76;5,704;5,707;73.457;421.494
2018-05-08;5,682;5,702;5,667;5,702;348.087;1.978.240
2018-05-07;5,644;5,683;5,644;5,683;49.733;281.720
2018-05-04;5,554;5,623;5,533;5,623;47.229;262.371
2018-05-03;5,549;5,552;5,483;5,483;32.885;182.375
2018-05-02;5,599;5,607;5,576;5,585;76.190;425.874
2018-04-30;5,598;5,612;5,598;5,60;110.595;619.725
2018-04-27;5,586;5,607;5,572;5,572;9.627;53.866
2018-04-26;5,481;5,545;5,481;5,535;38.421;211.202
2018-04-25;5,446;5,466;5,413;5,447;120.769;656.915
2018-04-24;5,536;5,60;5,515;5,515;461.102;2.563.626
2018-04-23;5,493;5,535;5,493;5,535;26.022;143.407
2018-04-20;5,50;5,53;5,479;5,479;31.590;174.231
2018-04-19;5,524;5,524;5,496;5,496;8.907;49.011
2018-04-18;5,525;5,534;5,515;5,534;22.233;122.853
2018-04-17;5,465;5,517;5,465;5,517;118.238;649.924
2018-04-16;5,459;5,459;5,427;5,433;80.276;436.236
2018-04-13;5,451;5,452;5,423;5,434;60.292;327.961
2018-04-12;5,384;5,463;5,384;5,448;3.740;20.288
2018-04-11;5,365;5,375;5,34;5,375;51.089;273.969
2018-04-10;5,401;5,414;5,383;5,414;62.519;337.315
2018-04-09;5,363;5,38;5,34;5,38;35.043;187.722
2018-04-06;5,40;5,421;5,375;5,379;48.301;261.353
2018-04-05;5,435;5,48;5,435;5,48;3.844;20.892
2018-04-04;5,26;5,318;5,245;5,318;22.290;117.514
2018-04-03;5,275;5,306;5,257;5,306;5.406;28.487
2018-03-29;5,327;5,364;5,322;5,364;110.958;591.212
2018-03-28;5,304;5,309;5,30;5,30;18.086;95.982
2018-03-27;5,406;5,432;5,40;5,40;27.271;148.028
2018-03-26;5,313;5,322;5,284;5,284;48.556;257.861
2018-03-23;5,363;5,363;5,317;5,328;12.008;63.849
2018-03-22;5,482;5,482;5,442;5,453;3.815;20.853
2018-03-21;5,558;5,558;5,558;5,558;0;0
2018-03-20;5,522;5,555;5,52;5,555;28.297;156.760
2018-03-19;5,54;5,545;5,495;5,495;33.270;184.410
2018-03-16;5,614;5,614;5,594;5,594;1.100;6.175
2018-03-15;5,558;5,572;5,558;5,568;13.927;77.537
2018-03-14;5,578;5,578;5,534;5,547;745;4.125
2018-03-13;5,644;5,644;5,581;5,581;17.765;100.187
2018-03-12;5,66;5,66;5,622;5,629;12.980;73.112
2018-03-09;5,546;5,603;5,546;5,603;1.728;9.583
2018-03-08;5,505;5,52;5,494;5,52;2.792;15.348
2018-03-07;5,419;5,47;5,41;5,47;16.610;90.015
2018-03-06;5,467;5,467;5,45;5,45;75;410
2018-03-05;5,395;5,453;5,395;5,453;6.054;32.720
2018-03-02;5,369;5,369;5,369;5,369;0;0
2018-03-01;5,55;5,55;5,519;5,524;6.035;33.370
2018-02-28;5,617;5,629;5,586;5,586;4.914;27.620
2018-02-27;5,658;5,658;5,624;5,624;17.397;98.432
2018-02-26;5,564;5,587;5,564;5,576;3.338;18.647
2018-02-23;5,477;5,506;5,477;5,506;2.009;11.003
2018-02-22;5,455;5,483;5,455;5,483;14.911;81.517
2018-02-21;5,498;5,518;5,498;5,518;1.765;9.704
2018-02-20;5,471;5,494;5,448;5,494;16.242;88.745
2018-02-19;5,474;5,474;5,448;5,448;2.000;10.948
2018-02-16;5,454;5,474;5,454;5,469;5.538;30.214
2018-02-15;5,408;5,409;5,382;5,382;12.003;64.774
2018-02-14;5,375;5,384;5,344;5,344;4.233;22.721
2018-02-13;5,309;5,309;5,302;5,307;12.107;64.207
2018-02-12;5,372;5,372;5,361;5,361;19.630;105.247
2018-02-09;5,294;5,294;5,244;5,258;687;3.628
2018-02-08;5,392;5,392;5,374;5,374;500;2.696
2018-02-07;5,367;5,505;5,367;5,502;16.299;88.588
2018-02-06;5,197;5,294;5,197;5,267;9.166;47.891
2018-02-05;5,505;5,505;5,505;5,505;0;0
2018-02-02;5,566;5,587;5,539;5,558;6.266;34.816
2018-02-01;5,65;5,65;5,61;5,615;27.394;154.023
2018-01-31;5,628;5,632;5,628;5,632;1.800;10.130
2018-01-30;5,719;5,719;5,661;5,661;390;2.212
2018-01-29;5,721;5,751;5,721;5,748;2.957;16.957
2018-01-26;5,657;5,69;5,657;5,69;453;2.563
2018-01-25;5,624;5,624;5,624;5,624;0;0
2018-01-24;5,703;5,705;5,668;5,668;15.108;86.078
2018-01-23;5,716;5,716;5,716;5,716;0;0
2018-01-22;5,663;5,689;5,66;5,689;5.022;28.464
2018-01-19;5,651;5,667;5,651;5,667;2.952;16.683
2018-01-18;5,665;5,665;5,638;5,641;1.429;8.062
2018-01-17;5,618;5,643;5,617;5,643;23.462;132.028
2018-01-16;5,641;5,679;5,638;5,638;17.244;97.627
2018-01-15;5,648;5,648;5,613;5,623;3.710;20.904
2018-01-12;5,643;5,652;5,643;5,652;1.000;5.643
2018-01-11;5,688;5,688;5,643;5,643;1.327;7.513
2018-01-10;5,644;5,659;5,637;5,659;2.410;13.602
2018-01-09;5,679;5,709;5,679;5,709;657;3.735
2018-01-08;5,641;5,652;5,621;5,652;6.325;35.623
2018-01-05;5,58;5,598;5,575;5,598;4.335;24.183
2018-01-04;5,563;5,563;5,558;5,558;27;150
2018-01-03;5,543;5,547;5,539;5,541;16.780;93.042
2018-01-02;5,50;5,502;5,50;5,502;81;446
2017-12-29;5,55;5,55;5,55;5,55;0;0
2017-12-28;5,53;5,54;5,53;5,54;150;830
2017-12-27;5,605;5,605;5,555;5,575;5.278;29.364
2017-12-22;5,59;5,59;5,575;5,575;3.295;18.399
2017-12-21;5,585;5,585;5,585;5,585;50.014;279.328
2017-12-20;5,60;5,60;5,555;5,56;1.750;9.744
2017-12-19;5,615;5,615;5,605;5,605;7.000;39.266
2017-12-18;5,605;5,61;5,60;5,61;57.161;320.374
2017-12-15;5,54;5,59;5,53;5,59;2.047;11.345
2017-12-14;5,55;5,56;5,54;5,5575;72.164;400.403
2017-12-13;5,575;5,58;5,57;5,575;20.969;116.882
2017-12-12;5,56;5,5875;5,56;5,5875;559;3.109
2017-12-11;5,53;5,53;5,525;5,525;315;1.742
2017-12-08;5,5275;5,5275;5,5275;5,5275;0;0
2017-12-07;5,47;5,49;5,47;5,49;10;55
2017-12-06;5,445;5,49;5,435;5,4825;49.190;269.687
2017-12-05;5,50;5,50;5,4975;5,4975;10;55
2017-12-04;5,51;5,51;5,51;5,51;0;0
2017-12-01;5,495;5,495;5,43;5,43;12.839;70.545
2017-11-30;5,485;5,485;5,46;5,46;415;2.276
2017-11-29;5,465;5,465;5,455;5,455;3.800;20.767
2017-11-28;5,395;5,415;5,395;5,415;23.273;125.570
2017-11-27;5,36;5,36;5,36;5,36;38;204
2017-11-24;5,39;5,39;5,355;5,355;8.534;45.998
2017-11-23;5,395;5,395;5,395;5,395;21.013;113.365
2017-11-22;5,415;5,415;5,415;5,415;0;0
2017-11-21;5,445;5,445;5,445;5,445;0;0
2017-11-20;5,395;5,415;5,395;5,415;2.400;12.948
2017-11-17;5,40;5,40;5,385;5,385;1.381;7.457
2017-11-16;5,405;5,405;5,405;5,405;0;0
2017-11-15;5,345;5,36;5,345;5,36;280;1.497
2017-11-14;5,41;5,41;5,38;5,38;496;2.683
2017-11-13;5,455;5,455;5,435;5,435;100;546
2017-11-10;5,425;5,425;5,425;5,425;0;0
2017-11-09;5,44;5,44;5,44;5,44;10;54
2017-11-08;5,495;5,495;5,49;5,49;7.724;42.442
2017-11-07;5,515;5,52;5,505;5,505;8.217;45.330
2017-11-06;5,485;5,485;5,485;5,485;0;0
2017-11-03;5,475;5,475;5,475;5,475;22;120
2017-11-02;5,42;5,44;5,42;5,43;12.550;68.104
2017-11-01;5,445;5,455;5,445;5,455;10;54
2017-10-30;5,425;5,425;5,425;5,425;10;54
2017-10-27;5,405;5,46;5,405;5,46;411;2.226
2017-10-26;5,265;5,355;5,265;5,355;1.000;5.269
2017-10-25;5,275;5,275;5,275;5,275;15;79
2017-10-24;5,34;5,34;5,335;5,335;604;3.225
2017-10-23;5,35;5,35;5,35;5,35;0;0
2017-10-20;5,305;5,325;5,305;5,325;1.430;7.587
2017-10-19;5,27;5,27;5,26;5,26;6.450;33.991
2017-10-18;5,305;5,305;5,295;5,295;15.554;82.479
2017-10-17;5,295;5,295;5,285;5,285;205;1.085
2017-10-16;5,28;5,28;5,27;5,27;5.280;27.878
2017-10-13;5,24;5,255;5,24;5,255;362;1.897
2017-10-12;5,20;5,245;5,20;5,245;340;1.772
2017-10-11;5,205;5,22;5,205;5,22;13.576;70.858
2017-10-10;5,26;5,26;5,235;5,24;65.408;342.782
2017-10-09;5,27;5,27;5,265;5,265;2.841;14.972
2017-10-06;5,29;5,29;5,265;5,265;1.000;5.290
2017-10-05;5,235;5,27;5,235;5,27;190;995
2017-10-04;5,225;5,225;5,225;5,225;750;3.919
2017-10-02;5,215;5,215;5,215;5,215;0;0
2017-09-29;5,16;5,16;5,155;5,155;200;1.032
2017-09-28;5,16;5,165;5,16;5,165;911;4.701
2017-09-27;5,185;5,185;5,16;5,16;9.366;48.430
2017-09-26;5,15;5,15;5,15;5,15;264;1.360
2017-09-25;5,105;5,105;5,105;5,105;15;77
2017-09-22;5,06;5,06;5,06;5,06;0;0
2017-09-21;5,115;5,115;5,085;5,085;606;3.100
2017-09-20;5,065;5,08;5,065;5,07;27.580;139.891
2017-09-19;5,075;5,075;5,075;5,075;0;0
2017-09-18;5,09;5,09;5,09;5,09;0;0
2017-09-15;5,06;5,06;5,06;5,06;0;0
2017-09-14;5,075;5,075;5,075;5,075;0;0
2017-09-13;5,04;5,075;5,04;5,075;43.885;221.744
2017-09-12;5,045;5,045;5,045;5,045;98;494
2017-09-11;5,025;5,025;5,025;5,025;0;0
2017-09-08;4,955;4,955;4,955;4,955;0;0
2017-09-07;4,945;4,945;4,945;4,945;0;0
2017-09-06;4,98;4,98;4,98;4,98;0;0
2017-09-05;4,994;4,994;4,994;4,994;0;0
2017-09-04;5,01;5,01;4,998;4,998;802;4.018
2017-09-01;5,03;5,03;5,03;5,03;0;0
2017-08-31;5,015;5,015;5,015;5,015;0;0
2017-08-30;4,961;4,961;4,961;4,961;0;0
2017-08-29;4,885;4,885;4,885;4,885;0;0
2017-08-28;4,922;4,922;4,922;4,922;0;0
2017-08-25;5,01;5,01;4,965;4,965;360;1.804
2017-08-24;5,005;5,005;4,976;4,976;150;751
2017-08-23;5,01;5,01;4,991;4,991;13.091;65.512
2017-08-22;5,01;5,01;5,01;5,01;0;0
2017-08-21;4,947;4,947;4,947;4,947;0;0
2017-08-18;4,989;4,989;4,989;4,989;0;0
2017-08-17;5,045;5,045;5,045;5,045;0;0
2017-08-16;5,06;5,095;5,06;5,095;98;496
2017-08-15;5,07;5,07;5,07;5,07;0;0
2017-08-14;5,04;5,04;5,04;5,04;0;0
2017-08-11;4,991;4,991;4,991;4,991;16;80
2017-08-10;5,07;5,07;5,04;5,04;464;2.352
2017-08-09;5,07;5,07;5,055;5,06;5.750;29.100
2017-08-08;5,055;5,10;5,055;5,10;395;1.997
2017-08-07;5,065;5,065;5,06;5,06;269;1.362
2017-08-04;5,075;5,075;5,075;5,075;0;0
2017-08-03;5,015;5,015;5,015;5,015;0;0
2017-08-02;5,04;5,04;5,005;5,005;4.239;21.365
2017-08-01;5,06;5,06;5,06;5,06;0;0
2017-07-31;5,105;5,105;5,065;5,065;176;898
2017-07-28;5,075;5,075;5,075;5,075;0;0
2017-07-27;5,095;5,125;5,095;5,125;11.524;58.754
2017-07-26;5,175;5,175;5,15;5,15;8.363;43.255
2017-07-25;5,125;5,145;5,125;5,145;262;1.343
2017-07-24;5,115;5,115;5,115;5,115;0;0
2017-07-21;5,145;5,145;5,115;5,115;347;1.785
2017-07-20;5,195;5,195;5,12;5,12;260;1.351
2017-07-19;5,175;5,175;5,175;5,175;0;0
2017-07-18;5,12;5,12;5,12;5,12;0;0
2017-07-17;5,18;5,18;5,175;5,175;261;1.352
2017-07-14;5,165;5,165;5,16;5,16;828;4.277
2017-07-13;5,165;5,17;5,165;5,17;1.989;10.273
2017-07-12;5,15;5,15;5,15;5,15;0;0
2017-07-11;5,095;5,095;5,095;5,095;0;0
2017-07-10;5,125;5,125;5,125;5,125;0;0
2017-07-07;5,115;5,115;5,115;5,115;0;0
2017-07-05;5,15;5,17;5,15;5,17;1.203;6.207
2017-06-30;5,12;5,12;5,12;5,12;16;82
2017-06-29;5,088;5,088;5,088;5,088;0;0
2017-06-28;5,158;5,158;5,158;5,158;0;0
2017-06-27;5,185;5,185;5,185;5,185;0;0
2017-06-26;5,23;5,23;5,23;5,23;0;0
2017-06-23;5,228;5,228;5,228;5,228;0;0
2017-06-22;5,245;5,245;5,243;5,243;15.200;79.724
2017-06-21;5,25;5,265;5,243;5,243;7.640;40.110
2017-06-20;5,268;5,268;5,268;5,268;0;0
2017-06-19;5,265;5,265;5,265;5,265;0;0
2017-06-16;5,205;5,205;5,205;5,205;0;0
2017-06-15;5,21;5,23;5,21;5,23;35;182
2017-06-14;5,188;5,188;5,188;5,188;0;0
2017-06-13;5,213;5,213;5,213;5,213;0;0
2017-06-12;5,195;5,195;5,195;5,195;0;0
2017-06-09;5,228;5,228;5,228;5,228;0;0
2017-06-08;5,20;5,20;5,195;5,195;9.615;49.998
2017-06-07;5,215;5,215;5,175;5,178;43.001;223.250
2017-06-06;5,195;5,195;5,178;5,178;50.088;259.457
2017-06-02;5,175;5,18;5,175;5,18;33.482;173.269
2017-06-01;5,17;5,17;5,17;5,17;0;0
2017-05-31;5,145;5,16;5,13;5,13;7.643;39.324
2017-05-30;5,16;5,16;5,16;5,16;0;0
2017-05-29;5,175;5,175;5,168;5,168;5.350;27.686
2017-05-26;5,163;5,163;5,163;5,163;0;0
2017-05-25;5,135;5,135;5,135;5,135;0;0
2017-05-24;5,128;5,128;5,128;5,128;0;0
2017-05-23;5,09;5,09;5,09;5,09;520;2.647
2017-05-22;5,078;5,078;5,078;5,078;0;0
2017-05-19;5,078;5,078;5,078;5,078;0;0
2017-05-18;5,08;5,08;5,08;5,08;0;0
2017-05-17;5,10;5,10;5,10;5,10;0;0
2017-05-16;5,178;5,178;5,178;5,178;0;0
2017-05-15;5,23;5,23;5,228;5,228;6.083;31.814
2017-05-12;5,23;5,23;5,23;5,23;0;0
2017-05-11;5,258;5,258;5,258;5,258;0;0
2017-05-10;5,275;5,283;5,26;5,283;52.649;277.233
2017-05-09;5,275;5,275;5,275;5,275;0;0
2017-05-08;5,26;5,26;5,25;5,25;875;4.595
2017-05-05;5,218;5,218;5,218;5,218;0;0
2017-05-04;5,23;5,23;5,23;5,23;0;0
2017-05-03;5,248;5,248;5,248;5,248;0;0
2017-05-02;5,273;5,273;5,273;5,273;0;0
2017-04-28;5,27;5,31;5,265;5,268;110.463;582.735
2017-04-27;5,30;5,30;5,30;5,30;0;0
2017-04-26;5,28;5,328;5,28;5,328;16.000;84.480
2017-04-25;5,263;5,263;5,263;5,263;0;0
2017-04-24;5,253;5,253;5,253;5,253;0;0
2017-04-21;5,295;5,295;5,295;5,295;0;0
2017-04-20;5,245;5,245;5,245;5,245;0;0
2017-04-19;5,273;5,273;5,273;5,273;0;0
2017-04-18;5,25;5,25;5,25;5,25;0;0
2017-04-13;5,305;5,305;5,305;5,305;0;0
2017-04-12;5,308;5,308;5,308;5,308;0;0
2017-04-11;5,295;5,295;5,295;5,295;0;0
2017-04-10;5,35;5,35;5,333;5,333;325;1.738
2017-04-07;5,323;5,323;5,323;5,323;0;0
2017-04-06;5,31;5,31;5,31;5,31;0;0
2017-04-05;5,325;5,325;5,325;5,325;0;0
2017-04-04;5,29;5,29;5,29;5,29;0;0
2017-04-03;5,278;5,278;5,278;5,278;0;0
2017-03-31;5,295;5,295;5,295;5,295;0;0
2017-03-30;5,25;5,28;5,25;5,28;35.000;183.750
2017-03-29;5,22;5,24;5,22;5,238;5.740;30.020
2017-03-28;5,155;5,163;5,155;5,163;969;4.995
2017-03-27;5,12;5,128;5,085;5,128;14.671;75.035
2017-03-24;5,20;5,20;5,188;5,188;5;26
2017-03-23;5,185;5,215;5,185;5,215;370;1.918
2017-03-22;5,175;5,175;5,175;5,175;0;0
2017-03-21;5,183;5,183;5,183;5,183;0;0
2017-03-20;5,26;5,263;5,26;5,263;341;1.794
2017-03-17;5,265;5,268;5,265;5,268;152;800
2017-03-16;5,29;5,29;5,263;5,263;150;794
2017-03-15;5,305;5,305;5,303;5,303;2.540;13.475
2017-03-14;5,268;5,268;5,268;5,268;0;0
2017-03-13;5,27;5,27;5,27;5,27;28;148
2017-03-10;5,27;5,27;5,27;5,27;0;0
2017-03-09;5,308;5,308;5,308;5,308;0;0
2017-03-08;5,338;5,338;5,338;5,338;0;0
2017-03-07;5,328;5,328;5,328;5,328;0;0
2017-03-06;5,33;5,33;5,325;5,325;264;1.407
2017-03-03;5,355;5,355;5,35;5,35;111;594
2017-03-02;5,388;5,388;5,388;5,388;0;0
2017-03-01;5,393;5,393;5,393;5,393;0;0
2017-02-28;5,315;5,315;5,315;5,315;0;0
2017-02-27;5,32;5,325;5,31;5,31;688;3.661
2017-02-24;5,32;5,32;5,32;5,32;0;0
2017-02-23;5,32;5,32;5,32;5,32;0;0
2017-02-22;5,348;5,348;5,348;5,348;0;0
2017-02-21;5,355;5,355;5,355;5,355;0;0
2017-02-20;5,305;5,305;5,305;5,305;0;0
2017-02-17;5,275;5,275;5,275;5,275;0;0
2017-02-16;5,31;5,31;5,26;5,26;390;2.069
2017-02-15;5,31;5,31;5,293;5,293;2.000;10.620
2017-02-14;5,25;5,265;5,25;5,265;4.088;21.462
2017-02-13;5,20;5,25;5,165;5,245;137.827;715.752
2017-02-10;5,198;5,198;5,198;5,198;0;0
2017-02-09;5,14;5,183;5,14;5,183;117;601
2017-02-08;5,128;5,128;5,128;5,128;0;0
2017-02-07;5,135;5,135;5,135;5,135;0;0
2017-02-06;5,118;5,118;5,118;5,118;0;0
2017-02-03;5,108;5,108;5,108;5,108;0;0
2017-02-02;5,04;5,068;5,04;5,068;25.003;126.015
2017-02-01;5,083;5,083;5,083;5,083;0;0
2017-01-31;5,06;5,06;5,06;5,06;0;0
2017-01-30;5,145;5,145;5,128;5,128;1.000;5.145
2017-01-27;5,17;5,17;5,17;5,17;0;0
2017-01-26;5,195;5,195;5,185;5,185;525;2.727
2017-01-25;5,138;5,138;5,138;5,138;0;0
2017-01-24;5,09;5,09;5,09;5,09;0;0
2017-01-23;5,08;5,08;5,055;5,055;780;3.962
2017-01-20;5,11;5,11;5,103;5,103;10;51
2017-01-19;5,108;5,108;5,108;5,108;0;0
2017-01-18;5,085;5,085;5,083;5,083;15.663;79.646
2017-01-17;5,065;5,068;5,065;5,068;30;152
2017-01-16;5,115;5,12;5,115;5,118;3.303;16.898
2017-01-13;5,14;5,14;5,115;5,115;250;1.285
2017-01-12;5,058;5,058;5,058;5,058;0;0
2017-01-11;5,155;5,155;5,15;5,15;155;799
2017-01-10;5,133;5,133;5,133;5,133;0;0
2017-01-09;5,135;5,135;5,135;5,135;0;0
2017-01-06;5,148;5,148;5,148;5,148;0;0
2017-01-05;5,108;5,108;5,108;5,108;0;0
2017-01-04;5,18;5,18;5,173;5,173;7.000;36.260
2017-01-03;5,163;5,163;5,163;5,163;0;0
2017-01-02;5,153;5,153;5,153;5,153;0;0
2016-12-30;5,113;5,113;5,113;5,113;0;0
2016-12-29;5,128;5,128;5,128;5,128;0;0
2016-12-28;5,21;5,21;5,203;5,203;10.290;53.574
2016-12-27;5,19;5,19;5,19;5,19;1.674;8.688
2016-12-23;5,17;5,17;5,17;5,17;0;0
2016-12-22;5,165;5,165;5,165;5,165;0;0
2016-12-21;5,20;5,20;5,20;5,20;0;0
2016-12-20;5,218;5,218;5,218;5,218;0;0
2016-12-19;5,178;5,178;5,178;5,178;0;0
2016-12-16;5,19;5,19;5,17;5,17;16.000;83.040
2016-12-15;5,213;5,213;5,213;5,213;0;0
2016-12-14;5,12;5,12;5,093;5,093;4.156;21.279
2016-12-13;5,11;5,11;5,103;5,103;1.000;5.110
2016-12-12;5,103;5,103;5,103;5,103;0;0
2016-12-09;5,115;5,115;5,115;5,115;0;0
2016-12-08;4,97;5,058;4,97;5,058;23.740;117.988
2016-12-07;4,933;4,933;4,933;4,933;0;0
2016-12-06;4,906;4,908;4,906;4,908;1;5
2016-12-05;4,95;4,95;4,921;4,929;27.006;132.955
2016-12-02;4,924;4,929;4,924;4,929;9.493;46.744
2016-12-01;4,954;5,005;4,949;4,949;144.524;717.616
2016-11-30;4,971;5,003;4,971;5,003;100;497
2016-11-29;4,987;4,987;4,979;4,979;5.704;28.446
2016-11-28;4,983;4,983;4,983;4,983;0;0
2016-11-25;4,988;4,988;4,988;4,988;0;0
2016-11-24;5,00;5,00;4,998;4,998;16.965;84.825
2016-11-23;4,981;4,981;4,981;4,981;0;0
2016-11-22;4,946;4,946;4,946;4,946;0;0
2016-11-21;4,946;4,946;4,946;4,946;0;0
2016-11-18;4,934;4,934;4,934;4,934;0;0
2016-11-17;4,91;4,91;4,91;4,91;0;0
2016-11-16;4,888;4,888;4,888;4,888;0;0
2016-11-15;4,853;4,853;4,853;4,853;0;0
2016-11-14;4,824;4,824;4,824;4,824;0;0
2016-11-11;4,753;4,753;4,753;4,753;0;0
2016-11-10;4,75;4,75;4,75;4,75;0;0
2016-11-09;4,566;4,731;4,566;4,731;500;2.283
2016-11-08;4,661;4,661;4,661;4,661;0;0
2016-11-07;4,624;4,624;4,624;4,624;0;0
2016-11-04;4,523;4,523;4,523;4,523;0;0
2016-11-03;4,517;4,517;4,517;4,517;0;0
2016-11-02;4,524;4,524;4,524;4,524;0;0
2016-11-01;4,56;4,56;4,56;4,56;0;0
2016-10-31;4,638;4,638;4,638;4,638;0;0
2016-10-28;4,664;4,666;4,664;4,666;4.800;22.387
2016-10-27;4,66;4,66;4,66;4,66;0;0
2016-10-26;4,663;4,687;4,663;4,687;6.288;29.321
2016-10-25;4,697;4,697;4,697;4,697;0;0
2016-10-24;4,711;4,711;4,711;4,711;0;0
2016-10-21;4,699;4,699;4,699;4,699;0;0
2016-10-20;4,647;4,647;4,647;4,647;0;0
2016-10-19;4,648;4,648;4,648;4,648;0;0
2016-10-18;4,641;4,641;4,641;4,641;0;0
2016-10-17;4,611;4,611;4,611;4,611;0;0
2016-10-14;4,639;4,639;4,639;4,639;0;0
2016-10-13;4,59;4,59;4,59;4,59;0;0
2016-10-12;4,631;4,631;4,631;4,631;0;0
2016-10-11;4,64;4,64;4,617;4,617;2.000;9.280
2016-10-10;4,643;4,643;4,643;4,643;0;0
2016-10-07;4,648;4,648;4,609;4,609;100;465
2016-10-06;4,611;4,611;4,611;4,611;0;0
2016-10-05;4,616;4,616;4,616;4,616;0;0
2016-10-04;4,635;4,635;4,635;4,635;0;0
2016-09-30;4,633;4,633;4,633;4,633;0;0
2016-09-29;4,623;4,623;4,623;4,623;0;0
2016-09-28;4,599;4,599;4,599;4,599;0;0
2016-09-27;4,592;4,592;4,592;4,592;0;0
2016-09-26;4,551;4,551;4,551;4,551;0;0
2016-09-23;4,617;4,617;4,617;4,617;0;0
2016-09-22;4,624;4,624;4,624;4,624;0;0
2016-09-21;4,615;4,618;4,596;4,596;21.080;97.344
2016-09-20;4,587;4,587;4,587;4,587;0;0
2016-09-19;4,597;4,597;4,597;4,597;0;0
2016-09-16;4,56;4,56;4,56;4,56;0;0
2016-09-15;4,538;4,538;4,538;4,538;0;0
2016-09-14;4,498;4,498;4,498;4,498;0;0
2016-09-13;4,501;4,501;4,501;4,501;0;0
2016-09-12;4,536;4,536;4,536;4,536;0;0
2016-09-09;4,583;4,583;4,583;4,583;0;0
2016-09-08;4,61;4,622;4,61;4,622;31.300;144.293
2016-09-07;4,624;4,635;4,624;4,635;56;259
2016-09-06;4,682;4,682;4,63;4,63;2.000;9.364
2016-09-05;4,663;4,663;4,663;4,663;0;0
2016-09-02;4,668;4,668;4,668;4,668;0;0
2016-09-01;4,61;4,61;4,61;4,61;0;0
2016-08-31;4,639;4,639;4,639;4,639;0;0
2016-08-30;4,655;4,655;4,655;4,655;0;0
2016-08-29;4,657;4,657;4,657;4,657;0;0
2016-08-26;4,637;4,637;4,637;4,637;0;0
2016-08-25;4,613;4,613;4,613;4,613;0;0
2016-08-24;4,626;4,626;4,626;4,626;0;0
2016-08-23;4,612;4,612;4,612;4,612;0;0
2016-08-22;4,579;4,579;4,579;4,579;0;0
2016-08-19;4,589;4,589;4,589;4,589;0;0
2016-08-18;4,577;4,577;4,577;4,577;0;0
2016-08-17;4,573;4,573;4,573;4,573;0;0
2016-08-16;4,593;4,593;4,593;4,593;0;0
2016-08-15;4,65;4,65;4,65;4,65;0;0
2016-08-12;4,638;4,638;4,638;4,638;0;0
2016-08-11;4,64;4,64;4,64;4,64;0;0
2016-08-10;4,612;4,612;4,612;4,612;0;0
2016-08-09;4,656;4,656;4,656;4,656;0;0
2016-08-08;4,666;4,666;4,666;4,666;0;0
2016-08-05;4,616;4,661;4,616;4,661;25.006;115.428
2016-08-04;4,594;4,594;4,594;4,594;0;0
2016-08-03;4,561;4,561;4,561;4,561;0;0
2016-08-02;4,539;4,539;4,522;4,522;51.000;231.119
2016-08-01;4,576;4,58;4,576;4,58;2.500;11.442
2016-07-29;4,564;4,574;4,564;4,574;400;1.826
2016-07-28;4,586;4,586;4,582;4,582;950;4.357
2016-07-27;4,643;4,643;4,643;4,643;0;0
2016-07-26;4,658;4,658;4,658;4,658;0;0
2016-07-25;4,663;4,663;4,663;4,663;0;0
2016-07-22;4,668;4,668;4,668;4,668;0;0
2016-07-21;4,65;4,65;4,65;4,65;0;0
2016-07-20;4,644;4,659;4,644;4,659;2.000;9.288
2016-07-19;4,612;4,612;4,612;4,612;0;0
2016-07-18;4,607;4,607;4,594;4,594;50;230
2016-07-15;4,565;4,594;4,563;4,594;50.004;228.218
2016-07-14;4,602;4,602;4,588;4,588;17.386;79.952
2016-07-13;4,552;4,552;4,552;4,552;0;0
