Datum;Erster;Hoch;Tief;Schlusskurs;Stuecke;Volumen;https://www.ariva.de/ishares_msci_em_ucits_etf_usd_acc-fonds/historische_kurse?go=1&boerse_id=12&month=&currency=&clean_split=1&clean_payout=1&clean_bezug=1
2021-10-19;37,375;37,51;37,319;37,51;17.984;672.126
2021-10-18;37,12;37,227;36,999;37,198;18.310;680.378
2021-10-15;37,092;37,333;37,035;37,327;21.685;805.029
2021-10-14;36,824;36,952;36,751;36,791;3.102;114.225
2021-10-13;36,506;36,778;36,50;36,708;5.123;187.761
2021-10-12;36,22;36,61;36,22;36,522;30.757;1.120.636
2021-10-11;36,752;36,843;36,699;36,747;10.285;378.092
2021-10-08;36,395;36,581;36,364;36,496;11.267;410.893
2021-10-07;36,318;36,537;36,24;36,532;13.739;499.159
2021-10-06;35,599;35,676;35,317;35,607;6.158;218.789
2021-10-05;35,602;35,889;35,583;35,854;25.339;904.164
2021-10-04;35,724;35,771;35,293;35,293;32.171;1.144.344
2021-10-01;35,772;36,168;35,725;35,974;43.411;1.557.754
2021-09-30;36,166;36,345;36,112;36,316;14.223;515.494
2021-09-29;35,932;36,041;35,89;35,929;11.084;398.569
2021-09-28;36,42;36,42;35,867;35,867;11.216;405.945
2021-09-27;36,32;36,32;36,08;36,267;21.604;782.354
2021-09-24;36,192;36,192;35,998;36,069;37.112;1.340.073
2021-09-23;36,404;36,56;36,227;36,284;19.108;694.320
2021-09-22;36,008;36,266;35,939;36,228;13.531;488.289
2021-09-21;35,629;35,825;35,566;35,634;9.186;327.892
2021-09-20;35,806;35,806;35,46;35,486;60.507;2.156.490
2021-09-17;36,523;36,523;36,319;36,333;6.929;252.461
2021-09-16;36,302;36,413;36,302;36,334;8.910;323.982
2021-09-15;36,61;36,613;36,432;36,432;25.746;940.650
2021-09-14;36,72;36,827;36,67;36,738;13.947;512.280
2021-09-13;36,831;37,046;36,831;36,99;13.566;500.826
2021-09-10;37,129;37,273;36,94;36,971;9.965;369.904
2021-09-09;36,722;37,00;36,603;36,894;14.895;547.593
2021-09-08;37,266;37,457;37,00;37,049;41.756;1.552.683
2021-09-07;37,495;37,532;37,29;37,525;19.019;711.605
2021-09-06;37,335;37,53;37,335;37,53;26.324;985.769
2021-09-03;36,961;37,168;36,961;37,142;9.294;344.377
2021-09-02;37,136;37,211;37,056;37,204;14.585;541.969
2021-09-01;37,22;37,255;37,02;37,255;42.706;1.586.912
2021-08-31;36,799;36,963;36,706;36,912;15.908;586.065
2021-08-30;36,36;36,487;36,229;36,383;7.374;268.013
2021-08-27;36,067;36,292;36,037;36,268;12.366;447.481
2021-08-26;35,988;36,144;35,988;36,05;6.279;226.442
2021-08-25;36,347;36,376;36,27;36,341;9.948;361.435
2021-08-24;35,939;36,327;35,934;36,29;12.834;462.058
2021-08-23;35,294;35,40;35,201;35,393;12.442;439.524
2021-08-20;34,878;35,20;34,73;35,13;29.292;1.022.501
2021-08-19;35,194;35,243;34,981;35,164;35.005;1.227.589
2021-08-18;36,053;36,054;35,918;35,93;10.396;374.148
2021-08-17;35,512;35,835;35,50;35,772;15.874;566.119
2021-08-16;36,057;36,162;35,975;36,076;24.653;889.407
2021-08-13;36,442;36,465;36,298;36,365;15.506;563.989
2021-08-12;36,725;36,786;36,60;36,674;10.946;401.817
2021-08-11;36,967;37,128;36,855;36,917;17.935;663.212
2021-08-10;37,087;37,087;36,881;36,931;11.382;421.739
2021-08-09;36,749;36,895;36,71;36,884;13.021;478.943
2021-08-06;36,599;36,756;36,526;36,593;9.508;348.729
2021-08-05;36,644;36,862;36,644;36,832;26.349;967.291
2021-08-04;36,782;36,857;36,654;36,762;6.800;250.237
2021-08-03;36,395;36,398;36,163;36,313;8.733;317.318
2021-08-02;36,319;36,472;36,235;36,443;49.753;1.807.241
2021-07-30;35,882;36,194;35,873;36,134;10.977;394.811
2021-07-29;36,433;36,578;36,27;36,363;14.352;523.817
2021-07-28;35,567;36,197;35,454;36,174;19.971;712.928
2021-07-27;35,41;35,50;35,094;35,094;36.385;1.288.323
2021-07-26;36,277;36,328;35,944;36,227;62.836;2.273.345
2021-07-23;37,342;37,342;36,878;36,92;14.692;544.955
2021-07-22;37,535;37,572;37,375;37,467;11.553;433.249
2021-07-21;37,094;37,188;36,953;37,185;15.731;582.993
2021-07-20;37,105;37,19;36,898;37,141;39.018;1.444.648
2021-07-19;37,375;37,375;36,819;36,996;20.241;751.500
2021-07-16;37,927;37,996;37,701;37,701;10.614;402.097
2021-07-15;38,058;38,058;37,90;37,996;20.286;770.947
2021-07-14;37,831;38,041;37,773;37,786;11.128;421.960
2021-07-13;37,711;37,853;37,623;37,853;10.354;390.945
2021-07-12;37,256;37,376;37,066;37,376;14.310;532.918
2021-07-09;37,029;37,316;37,029;37,294;13.158;489.058
2021-07-08;37,12;37,12;36,679;36,813;19.361;713.319
2021-07-07;37,764;37,96;37,686;37,718;10.281;389.118
2021-07-06;37,921;38,041;37,691;37,757;22.497;853.211
2021-07-05;38,011;38,043;37,90;37,937;32.046;1.217.266
2021-07-02;37,974;38,21;37,912;38,125;16.092;612.832
2021-07-01;38,487;38,589;38,123;38,155;38.195;1.466.122
2021-06-30;38,533;38,573;38,36;38,504;13.092;503.828
2021-06-29;38,328;38,419;38,251;38,389;12.596;483.162
2021-06-28;38,446;38,60;38,40;38,458;47.038;1.810.303
2021-06-25;38,476;38,495;38,358;38,42;19.561;752.105
2021-06-24;38,021;38,175;37,992;38,175;11.193;426.197
2021-06-23;37,966;37,976;37,751;37,878;15.445;585.120
2021-06-22;37,685;37,685;37,50;37,569;10.466;393.539
2021-06-21;37,667;37,777;37,50;37,698;22.143;834.587
2021-06-18;38,074;38,099;37,828;37,86;26.341;999.476
2021-06-17;37,718;38,041;37,718;38,041;4.620;174.564
2021-06-16;37,622;37,66;37,508;37,642;15.269;573.870
2021-06-15;37,87;37,878;37,61;37,61;49.807;1.882.783
2021-06-14;37,927;37,959;37,787;37,917;11.212;424.420
2021-06-11;37,74;37,883;37,74;37,791;7.544;285.329
2021-06-10;37,639;37,769;37,50;37,741;7.017;264.190
2021-06-09;37,472;37,511;37,394;37,459;20.767;777.641
2021-06-08;37,613;37,619;37,449;37,494;25.529;958.004
2021-06-07;37,76;37,841;37,559;37,559;34.139;1.289.436
2021-06-04;37,752;37,908;37,697;37,864;22.144;837.018
2021-06-03;37,742;37,82;37,532;37,779;27.206;1.025.348
2021-06-02;37,676;37,872;37,643;37,872;19.552;739.113
2021-06-01;37,703;37,896;37,593;37,68;38.102;1.437.272
2021-05-31;37,369;37,451;37,268;37,292;41.084;1.535.509
2021-05-28;36,991;37,232;36,936;37,121;19.775;733.075
2021-05-27;36,746;36,892;36,676;36,843;9.013;331.820
2021-05-26;36,665;36,71;36,504;36,686;28.402;1.039.630
2021-05-25;36,51;36,511;36,365;36,365;15.974;582.552
2021-05-21;36,051;36,27;35,978;35,978;13.370;482.542
2021-05-20;35,989;36,21;35,86;36,202;25.133;905.209
2021-05-19;35,923;35,924;35,624;35,87;32.378;1.158.779
2021-05-18;36,314;36,326;36,017;36,197;22.289;805.518
2021-05-17;35,778;35,841;35,583;35,775;32.734;1.169.422
2021-05-14;35,68;35,887;35,597;35,862;29.064;1.037.105
2021-05-13;35,521;35,74;35,274;35,557;19.229;683.508
2021-05-12;36,094;36,197;35,684;35,684;19.290;692.840
2021-05-11;36,145;36,145;35,604;36,096;34.644;1.246.158
2021-05-10;36,787;36,889;36,488;36,525;18.613;682.881
2021-05-07;36,917;37,195;36,874;37,165;18.953;702.024
2021-05-06;36,852;36,912;36,719;36,912;31.517;1.160.278
2021-05-05;36,69;36,881;36,651;36,881;48.184;1.771.829
2021-05-04;36,932;36,967;36,35;36,432;19.433;713.778
2021-05-03;36,813;36,969;36,70;36,913;43.019;1.583.976
2021-04-30;37,051;37,055;36,87;37,012;23.480;868.543
2021-04-29;37,565;37,565;37,13;37,18;31.679;1.183.307
2021-04-28;37,394;37,50;37,298;37,391;37.548;1.404.979
2021-04-27;37,36;37,36;37,238;37,319;21.341;796.064
2021-04-26;37,186;37,269;37,00;37,192;13.704;509.606
2021-04-23;37,155;37,205;37,10;37,204;9.466;351.771
2021-04-22;36,881;37,051;36,796;37,039;9.163;338.206
2021-04-21;36,675;36,788;36,60;36,763;19.322;708.463
2021-04-20;37,088;37,111;36,65;36,65;21.202;782.646
2021-04-19;37,336;37,336;36,97;36,97;27.731;1.031.280
2021-04-16;37,304;37,36;37,167;37,276;46.387;1.730.505
2021-04-15;36,969;37,248;36,969;37,17;16.714;620.297
2021-04-14;37,032;37,175;37,025;37,066;21.418;794.509
2021-04-13;36,721;36,895;36,625;36,882;17.188;631.580
2021-04-12;36,769;36,787;36,666;36,687;25.847;949.829
2021-04-09;37,10;37,118;36,98;36,983;26.255;972.997
2021-04-08;37,547;37,547;37,361;37,413;30.028;1.124.374
2021-04-07;37,446;37,446;37,039;37,125;19.152;711.059
2021-04-06;37,635;37,854;37,502;37,828;39.814;1.498.570
2021-04-01;37,706;37,978;37,691;37,793;45.601;1.724.645
2021-03-31;37,094;37,416;37,05;37,307;25.374;946.738
2021-03-30;37,079;37,282;37,022;37,282;41.297;1.532.009
2021-03-29;36,712;36,935;36,702;36,874;61.191;2.250.814
2021-03-26;36,751;36,803;36,503;36,566;14.125;517.739
2021-03-25;36,129;36,311;35,90;36,311;35.047;1.263.296
2021-03-24;36,463;36,648;36,297;36,311;39.939;1.458.018
2021-03-23;36,818;36,97;36,70;36,933;18.340;675.760
2021-03-22;37,096;37,199;36,953;37,166;21.279;789.964
2021-03-19;36,977;37,269;36,977;37,255;16.845;625.122
2021-03-18;37,377;37,415;37,20;37,205;14.833;553.105
2021-03-17;37,309;37,363;36,98;37,116;19.261;715.455
2021-03-16;37,40;37,687;37,347;37,566;13.461;504.893
2021-03-15;37,043;37,303;37,003;37,148;23.297;865.200
2021-03-12;37,221;37,223;37,028;37,073;29.546;1.096.968
2021-03-11;37,486;37,71;37,466;37,71;11.007;413.247
2021-03-10;36,844;37,129;36,759;36,769;26.128;962.881
2021-03-09;36,255;36,99;36,248;36,966;52.392;1.917.447
2021-03-08;36,464;36,695;36,264;36,499;40.374;1.471.223
2021-03-05;36,993;37,266;36,594;36,622;27.674;1.022.902
2021-03-04;37,149;37,267;36,844;37,14;24.246;899.878
2021-03-03;37,901;37,938;37,391;37,461;30.587;1.158.322
2021-03-02;37,362;37,508;37,198;37,198;18.565;694.511
2021-03-01;37,28;37,763;37,23;37,763;51.163;1.915.393
2021-02-26;36,507;36,741;36,247;36,683;20.414;745.355
2021-02-25;37,921;37,921;37,35;37,368;25.619;963.958
2021-02-24;37,497;37,759;37,288;37,622;24.973;936.683
2021-02-23;38,007;38,007;37,257;37,798;264.103;9.910.376
2021-02-22;38,18;38,213;37,95;38,095;36.405;1.387.755
2021-02-19;38,964;39,239;38,803;39,215;15.517;605.785
2021-02-18;39,154;39,185;38,607;38,757;18.175;707.818
2021-02-17;39,72;39,794;39,459;39,459;12.416;491.249
2021-02-16;39,613;39,686;39,462;39,491;20.527;812.384
2021-02-15;39,539;39,723;39,525;39,687;34.107;1.351.495
2021-02-12;39,177;39,39;39,091;39,39;15.264;598.522
2021-02-11;39,076;39,383;39,03;39,383;13.612;532.715
2021-02-10;38,934;39,044;38,60;38,796;26.798;1.042.325
2021-02-09;38,465;38,652;38,305;38,652;13.748;529.015
2021-02-08;38,393;38,589;38,304;38,499;31.586;1.213.202
2021-02-05;38,418;38,52;38,294;38,446;38.352;1.473.942
2021-02-04;38,16;38,33;38,107;38,216;13.336;509.776
2021-02-03;38,382;38,382;38,169;38,232;16.415;628.314
2021-02-02;37,872;38,093;37,865;37,996;39.307;1.492.490
2021-02-01;36,928;37,185;36,90;37,118;18.926;700.454
2021-01-29;36,315;36,461;36,226;36,302;28.615;1.039.965
2021-01-28;36,605;37,042;36,275;37,042;15.589;571.163
2021-01-27;37,443;37,478;37,118;37,195;38.249;1.428.138
2021-01-26;37,636;37,839;37,636;37,679;24.394;920.465
2021-01-25;38,352;38,413;37,882;38,008;28.619;1.094.707
2021-01-22;37,737;37,764;37,456;37,652;28.669;1.078.125
2021-01-21;38,424;38,424;38,096;38,148;28.002;1.072.108
2021-01-20;38,101;38,228;38,071;38,10;19.186;732.309
2021-01-19;37,721;37,75;37,463;37,463;13.274;499.885
2021-01-18;37,13;37,266;37,056;37,248;20.383;757.297
2021-01-15;37,185;37,238;36,88;37,073;26.684;989.073
2021-01-14;37,175;37,516;37,172;37,488;9.572;356.899
2021-01-13;36,889;36,91;36,738;36,821;16.689;614.916
2021-01-12;36,77;36,92;36,705;36,907;12.406;456.568
2021-01-11;36,638;36,719;36,563;36,63;24.618;902.203
2021-01-08;36,288;36,595;36,175;36,595;25.285;918.725
2021-01-07;35,518;35,645;35,458;35,579;32.845;1.167.996
2021-01-06;35,404;35,547;35,22;35,545;29.257;1.034.324
2021-01-05;35,308;35,447;35,105;35,407;50.389;1.779.531
2021-01-04;35,352;35,429;34,99;35,046;52.829;1.862.599
2020-12-30;34,711;34,787;34,637;34,643;9.992;346.827
2020-12-29;34,149;34,299;34,063;34,289;59.900;2.048.939
2020-12-28;33,924;34,124;33,802;33,98;43.576;1.481.457
2020-12-23;34,075;34,085;33,94;34,045;24.491;832.883
2020-12-22;33,685;33,837;33,685;33,738;64.876;2.192.006
2020-12-21;34,099;34,10;33,445;33,848;90.067;3.037.923
2020-12-18;34,11;34,302;34,10;34,302;65.471;2.236.221
2020-12-17;34,328;34,334;34,141;34,211;21.680;741.963
2020-12-16;34,274;34,40;34,086;34,209;51.626;1.766.371
2020-12-15;33,91;34,019;33,904;33,993;40.202;1.364.730
2020-12-14;34,081;34,11;33,939;33,939;37.692;1.282.938
2020-12-11;34,235;34,245;33,946;34,133;6.539;223.273
2020-12-10;34,096;34,278;33,857;34,26;34.955;1.190.002
2020-12-09;34,301;34,326;34,129;34,142;24.371;834.888
2020-12-08;34,099;34,159;33,995;34,156;10.357;353.155
2020-12-07;34,039;34,203;33,899;34,168;22.602;768.514
2020-12-04;34,044;34,067;33,933;34,051;12.246;416.075
2020-12-03;33,602;33,806;33,566;33,806;10.136;341.400
2020-12-02;33,51;33,624;33,35;33,511;18.106;606.854
2020-12-01;33,621;33,719;33,558;33,612;22.641;761.222
2020-11-30;33,391;33,57;33,241;33,241;35.343;1.182.266
2020-11-27;34,067;34,179;34,047;34,076;17.539;598.236
2020-11-26;33,944;34,075;33,944;34,022;10.056;342.158
2020-11-25;33,815;33,888;33,659;33,871;20.600;696.036
2020-11-24;34,095;34,105;33,974;34,069;47.373;1.613.242
2020-11-23;33,955;34,016;33,845;33,868;17.638;598.598
2020-11-20;33,362;33,685;33,362;33,647;48.291;1.622.527
2020-11-19;33,362;33,485;33,20;33,432;14.287;476.781
2020-11-18;33,478;33,605;33,478;33,483;7.044;236.037
2020-11-17;33,409;33,429;33,20;33,41;9.973;332.286
2020-11-16;33,402;33,674;33,402;33,584;18.265;612.532
2020-11-13;33,129;33,208;32,979;33,024;24.098;798.050
2020-11-12;32,955;33,179;32,936;33,11;4.740;156.518
2020-11-11;32,666;33,082;32,666;33,001;8.828;290.624
2020-11-10;33,023;33,093;32,694;32,758;15.253;503.483
2020-11-09;32,981;33,819;32,975;33,461;45.928;1.520.715
2020-11-06;32,528;32,666;32,398;32,561;5.893;191.565
2020-11-05;32,645;32,905;32,522;32,598;13.899;455.112
2020-11-04;31,488;32,41;31,42;32,41;5.478;173.839
2020-11-03;31,718;31,884;31,319;31,46;7.967;251.902
2020-11-02;31,295;31,525;31,264;31,425;15.724;494.069
2020-10-30;30,903;31,168;30,88;31,034;4.598;142.659
2020-10-29;31,311;31,35;31,07;31,343;21.623;676.268
2020-10-28;31,482;31,482;30,947;31,027;6.895;216.274
2020-10-27;31,388;31,521;31,352;31,465;815;25.643
2020-10-26;31,27;31,526;31,248;31,324;12.046;378.022
2020-10-23;31,559;31,693;31,464;31,473;5.831;183.957
2020-10-22;31,466;31,634;31,395;31,519;2.002;63.117
2020-10-21;31,565;31,605;31,35;31,525;3.043;95.745
2020-10-20;31,475;31,475;31,348;31,438;7.346;230.805
2020-10-19;31,631;31,631;31,428;31,435;2.000;62.967
2020-10-16;31,406;31,59;31,392;31,485;7.660;241.778
2020-10-15;31,392;31,392;31,145;31,292;7.785;243.686
2020-10-14;31,712;31,739;31,613;31,727;16.305;516.563
2020-10-13;31,607;31,782;31,591;31,671;14.332;453.632
2020-10-12;31,537;31,706;31,496;31,661;4.013;126.661
2020-10-09;31,188;31,467;31,165;31,406;6.189;193.630
2020-10-08;31,054;31,268;31,054;31,185;1.299;40.500
2020-10-07;31,012;31,068;30,959;31,062;7.719;239.404
2020-10-06;30,557;30,821;30,548;30,789;3.691;113.378
2020-10-05;30,469;30,502;30,376;30,482;11.881;361.657
2020-10-02;30,231;30,595;30,179;30,531;7.235;219.324
2020-10-01;30,693;30,758;30,512;30,588;9.146;280.527
2020-09-30;29,975;30,457;29,975;30,385;3.457;104.842
2020-09-29;29,936;29,951;29,86;29,896;2.468;73.799
2020-09-28;30,089;30,143;30,052;30,088;4.727;142.217
2020-09-25;29,654;29,73;29,46;29,67;3.792;112.131
2020-09-24;29,627;29,747;29,439;29,747;10.230;302.672
2020-09-23;30,21;30,344;30,043;30,043;6.844;207.055
2020-09-22;30,116;30,223;30,019;30,049;1.316;39.672
2020-09-21;30,375;30,375;29,934;30,024;15.018;451.592
2020-09-18;30,843;30,906;30,529;30,529;6.575;202.069
2020-09-17;30,731;30,80;30,549;30,68;5.641;173.018
2020-09-16;30,939;31,031;30,881;31,031;6.161;190.968
2020-09-15;30,685;30,891;30,621;30,881;8.143;250.271
2020-09-14;30,615;30,615;30,339;30,436;6.496;198.059
2020-09-11;30,252;30,274;30,135;30,17;3.933;118.772
2020-09-10;30,205;30,226;30,044;30,054;8.809;265.316
2020-09-09;29,991;30,262;29,991;30,217;2.793;84.225
2020-09-08;30,396;30,396;29,965;30,04;8.509;256.030
2020-09-07;30,161;30,309;30,127;30,278;25.846;781.316
2020-09-04;30,277;30,599;29,99;30,096;5.508;167.311
2020-09-03;30,987;30,987;30,208;30,266;4.703;144.698
2020-09-02;30,901;31,06;30,761;30,761;11.385;351.449
2020-09-01;30,463;30,614;30,324;30,595;11.416;348.385
2020-08-31;30,708;30,708;30,05;30,06;7.566;229.872
2020-08-28;30,929;30,929;30,684;30,876;48.470;1.489.728
2020-08-27;30,944;30,991;30,843;30,843;19.213;595.098
2020-08-26;30,881;31,043;30,88;30,984;8.858;274.302
2020-08-25;30,858;30,858;30,632;30,809;11.470;352.510
2020-08-24;30,673;30,75;30,596;30,597;2.978;91.404
2020-08-21;30,19;30,337;30,091;30,337;2.213;66.930
2020-08-20;29,841;29,909;29,726;29,773;6.838;204.032
2020-08-19;30,201;30,32;30,109;30,277;10.037;303.951
2020-08-18;30,252;30,432;30,20;30,243;4.590;139.147
2020-08-17;30,474;30,505;30,315;30,476;12.680;385.779
2020-08-14;30,364;30,37;30,185;30,278;8.635;261.151
2020-08-13;30,371;30,416;30,267;30,339;6.887;209.103
2020-08-12;30,43;30,545;30,395;30,537;1.819;55.371
2020-08-11;30,421;30,481;30,35;30,437;5.807;176.747
2020-08-10;30,166;30,269;30,077;30,157;4.134;124.862
2020-08-07;30,135;30,314;30,135;30,272;15.873;479.549
2020-08-06;30,448;30,532;30,359;30,359;5.304;161.283
2020-08-05;30,482;30,509;30,406;30,474;21.167;644.907
2020-08-04;30,383;30,383;30,189;30,199;7.642;231.207
2020-08-03;29,896;30,146;29,821;30,082;14.261;428.732
2020-07-31;29,733;29,855;29,569;29,569;20.310;604.928
2020-07-30;30,107;30,107;29,712;29,749;2.734;81.724
2020-07-29;30,177;30,226;30,142;30,169;1.979;59.748
2020-07-28;30,174;30,223;29,99;30,072;4.349;130.966
2020-07-27;29,829;30,001;29,744;29,893;3.026;90.371
2020-07-24;29,661;29,883;29,60;29,814;3.927;116.746
2020-07-23;30,432;30,501;30,301;30,342;9.401;285.391
2020-07-22;30,761;30,789;30,244;30,327;11.638;352.869
2020-07-21;30,943;31,143;30,853;30,881;3.720;115.246
2020-07-20;30,107;30,513;30,047;30,481;16.247;494.425
2020-07-17;30,218;30,267;30,152;30,178;3.179;96.049
2020-07-16;29,92;30,022;29,92;29,994;6.886;206.219
2020-07-15;30,478;30,647;30,418;30,477;5.845;178.319
2020-07-14;30,465;30,465;30,219;30,322;11.415;345.989
2020-07-13;31,103;31,13;30,963;31,104;8.207;254.499
2020-07-10;30,788;30,892;30,713;30,78;3.788;116.728
2020-07-09;31,076;31,24;30,878;30,908;1.598;49.631
2020-07-08;30,751;30,766;30,631;30,659;7.645;234.763
2020-07-07;30,386;30,623;30,284;30,525;14.617;444.850
2020-07-06;30,563;30,768;30,50;30,758;18.236;557.328
2020-07-03;30,032;30,032;29,909;29,92;1.108;33.181
2020-07-02;29,401;29,732;29,401;29,678;7.870;232.737
2020-07-01;28,951;29,127;28,807;28,928;15.478;449.375
2020-06-30;28,932;28,932;28,719;28,741;6.572;189.365
2020-06-29;28,633;28,775;28,50;28,738;5.643;161.764
2020-06-26;29,123;29,151;28,771;28,773;4.425;127.874
2020-06-25;28,715;29,02;28,634;28,911;686;19.887
2020-06-24;29,197;29,197;28,803;28,803;3.017;87.674
2020-06-23;29,09;29,267;29,09;29,217;3.357;98.064
2020-06-22;28,974;29,00;28,861;28,968;12.255;354.865
2020-06-19;29,00;29,128;28,99;29,044;2.245;65.210
2020-06-18;28,691;28,892;28,599;28,767;8.701;249.332
2020-06-17;28,534;28,811;28,534;28,693;4.683;134.296
2020-06-16;28,214;28,816;28,214;28,423;20.232;576.373
2020-06-15;27,619;27,86;27,619;27,83;14.799;409.925
2020-06-12;28,017;28,413;28,017;28,296;11.301;318.764
2020-06-11;28,51;28,51;28,031;28,031;43.658;1.234.682
2020-06-10;29,02;29,02;28,79;28,867;4.369;126.319
2020-06-09;29,208;29,208;28,671;28,749;4.954;142.900
2020-06-08;28,813;28,973;28,743;28,916;3.575;103.222
2020-06-05;28,474;29,157;28,474;29,157;26.829;775.182
2020-06-04;28,546;28,628;28,305;28,317;9.767;278.131
2020-06-03;28,428;28,888;28,417;28,873;14.788;422.526
2020-06-02;27,897;28,297;27,848;28,243;63.561;1.783.744
2020-05-29;26,941;27,087;26,849;26,849;7.602;205.032
2020-05-28;27,258;27,305;27,157;27,158;12.755;347.274
2020-05-27;27,395;27,565;26,989;27,213;9.786;266.985
2020-05-26;27,629;27,629;27,434;27,504;8.323;228.966
2020-05-25;27,174;27,342;27,051;27,342;14.967;407.766
2020-05-22;26,865;27,112;26,80;26,943;7.774;209.019
2020-05-21;27,415;27,415;27,254;27,277;33.169;907.975
2020-05-20;27,461;27,742;27,46;27,723;8.598;237.431
2020-05-19;27,586;27,623;27,366;27,623;38.672;1.063.160
2020-05-18;27,116;27,598;27,093;27,598;2.648;72.207
2020-05-15;27,174;27,174;26,677;26,74;5.513;147.848
2020-05-14;26,986;27,008;26,60;26,916;12.055;323.892
2020-05-13;27,306;27,361;27,218;27,218;8.400;229.128
2020-05-12;27,20;27,493;27,20;27,447;4.304;117.373
2020-05-11;27,525;27,554;27,165;27,34;5.706;155.904
2020-05-08;27,195;27,383;27,095;27,383;16.085;437.390
2020-05-07;26,949;27,073;26,911;26,942;5.170;139.624
2020-05-06;27,106;27,11;26,762;26,767;57.970;1.559.166
2020-05-05;26,705;26,831;26,603;26,831;15.520;414.953
2020-05-04;26,225;26,244;26,05;26,20;20.496;535.375
2020-04-30;27,954;27,966;27,218;27,218;8.980;249.172
2020-04-29;27,221;27,546;27,15;27,532;4.141;113.043
2020-04-28;26,848;27,195;26,848;27,079;7.221;195.696
2020-04-27;26,794;26,86;26,762;26,847;16.291;436.828
2020-04-24;26,626;26,683;26,284;26,387;12.820;340.747
2020-04-23;26,842;26,932;26,71;26,815;48.325;1.295.444
2020-04-22;26,397;26,635;26,331;26,635;3.566;94.468
2020-04-21;26,407;26,407;25,757;25,757;7.971;208.426
2020-04-20;26,817;26,829;26,546;26,771;9.906;264.609
2020-04-17;27,045;27,212;26,647;26,647;13.726;369.322
2020-04-16;26,487;26,487;26,18;26,40;8.767;230.962
2020-04-15;26,446;26,446;25,94;25,94;16.221;424.758
2020-04-14;26,633;26,711;26,398;26,53;21.607;573.681
2020-04-09;26,362;26,50;26,091;26,347;11.458;301.965
2020-04-08;25,994;26,11;25,684;26,11;5.796;150.419
2020-04-07;26,179;26,567;26,13;26,263;8.668;228.347
2020-04-06;25,505;25,808;25,486;25,765;7.140;182.445
2020-04-03;24,883;25,158;24,755;24,755;5.599;140.378
2020-04-02;24,768;24,946;24,605;24,942;11.013;273.034
2020-04-01;24,305;24,426;24,285;24,304;6.451;157.192
2020-03-31;24,774;25,161;24,679;25,161;3.947;98.003
2020-03-30;24,439;24,465;24,035;24,465;7.738;186.434
2020-03-27;24,893;24,893;24,121;24,17;5.528;135.020
2020-03-26;24,734;25,458;24,643;25,458;9.350;231.538
2020-03-25;25,016;25,28;24,509;25,076;11.982;299.317
2020-03-24;23,847;24,443;23,681;24,443;4.387;105.743
2020-03-23;23,106;23,538;22,544;22,803;7.947;182.768
2020-03-20;24,763;24,944;23,978;23,978;13.997;345.752
2020-03-19;22,703;23,24;22,469;23,122;21.662;490.010
2020-03-18;23,189;23,372;22,651;22,964;10.880;249.378
2020-03-17;24,306;24,323;23,235;24,323;1.015;24.205
2020-03-16;24,484;24,484;22,956;23,798;14.545;344.221
2020-03-13;25,514;26,52;25,105;25,539;9.218;238.434
2020-03-12;25,763;25,763;24,172;24,212;18.088;448.272
2020-03-11;27,224;27,389;26,83;27,061;12.310;334.321
2020-03-10;27,03;27,691;27,03;27,143;40.918;1.117.308
2020-03-09;26,581;27,084;26,423;26,481;11.490;306.066
2020-03-06;29,213;29,213;28,41;28,517;12.262;351.771
2020-03-05;30,403;30,403;29,811;29,839;14.973;448.895
2020-03-04;29,883;30,263;29,859;30,082;1.911;57.517
2020-03-03;29,827;30,203;29,774;29,881;147.327;4.431.962
2020-03-02;29,838;29,99;28,996;29,425;14.220;418.207
2020-02-28;29,201;29,309;28,814;29,133;44.814;1.301.959
2020-02-27;30,782;30,782;29,795;30,071;96.458;2.904.094
2020-02-26;31,014;31,274;30,666;31,113;3.117;96.827
2020-02-25;31,638;31,638;30,96;31,02;68.619;2.147.653
2020-02-24;31,588;31,588;30,98;31,038;34.194;1.068.085
2020-02-21;32,42;32,496;32,27;32,343;4.992;161.570
2020-02-20;33,055;33,055;32,488;32,488;6.795;222.890
2020-02-19;33,088;33,119;33,008;33,089;10.282;340.062
2020-02-18;32,749;32,871;32,703;32,769;9.811;322.046
2020-02-17;33,228;33,228;33,137;33,181;1.790;59.389
2020-02-14;33,095;33,109;32,928;32,977;7.268;239.938
2020-02-13;32,922;33,014;32,764;33,014;3.205;105.398
2020-02-12;32,915;33,108;32,862;33,108;5.446;179.838
2020-02-11;32,551;32,746;32,483;32,705;15.895;519.953
2020-02-10;32,152;32,208;32,062;32,208;8.029;257.982
2020-02-07;32,323;32,335;31,93;32,042;12.829;410.874
2020-02-06;32,608;32,639;32,388;32,43;4.037;131.462
2020-02-05;32,382;32,572;32,259;32,261;17.255;556.271
2020-02-04;31,711;32,096;31,711;32,096;7.624;242.662
2020-02-03;30,897;31,152;30,777;31,045;16.382;507.844
2020-01-31;31,215;31,215;30,591;30,612;3.153;97.201
2020-01-30;31,297;31,427;31,164;31,197;10.908;342.109
2020-01-29;32,062;32,114;31,951;31,951;3.931;125.964
2020-01-28;31,662;31,806;31,40;31,799;17.221;546.004
2020-01-27;31,734;31,734;31,169;31,446;6.858;216.903
2020-01-24;32,989;32,993;32,761;32,779;321;10.516
2020-01-23;32,756;32,756;32,481;32,539;2.467;80.401
2020-01-22;33,161;33,161;33,011;33,037;200;6.621
2020-01-21;32,837;32,874;32,725;32,874;13.706;449.807
2020-01-20;33,445;33,466;33,423;33,437;2.593;86.716
2020-01-17;33,354;33,496;33,323;33,467;7.553;252.513
2020-01-16;33,193;33,247;33,15;33,247;10.630;352.867
2020-01-15;33,187;33,187;33,067;33,067;3.466;114.818
2020-01-14;33,19;33,299;33,188;33,262;4.435;147.356
2020-01-13;33,311;33,381;33,209;33,331;6.592;219.569
2020-01-10;33,02;33,177;33,02;33,072;13.897;460.527
2020-01-09;32,958;32,998;32,87;32,943;44.246;1.457.642
2020-01-08;32,249;32,502;32,223;32,502;22.516;728.119
2020-01-07;32,337;32,464;32,336;32,433;5.464;176.950
2020-01-06;32,23;32,258;32,075;32,255;22.242;714.645
2020-01-03;32,501;32,649;32,399;32,515;68.606;2.232.117
2020-01-02;32,383;32,738;32,383;32,681;12.361;403.499
2019-12-30;32,417;32,426;32,323;32,426;1.166;37.787
2019-12-27;32,561;32,64;32,391;32,468;5.177;168.351
2019-12-23;32,281;32,365;32,261;32,315;3.284;106.153
2019-12-20;32,144;32,364;32,116;32,364;17.420;560.709
2019-12-19;32,027;32,118;31,994;32,115;32.400;1.038.255
2019-12-18;31,896;32,086;31,896;32,027;26.462;847.771
2019-12-17;31,744;31,802;31,733;31,764;12.699;403.409
2019-12-16;31,428;31,597;31,405;31,581;10.046;315.852
2019-12-13;31,336;31,54;31,266;31,292;7.001;219.813
2019-12-12;30,933;31,267;30,817;31,161;27.249;845.619
2019-12-11;30,648;30,683;30,552;30,677;5.572;170.866
2019-12-10;30,46;30,497;30,28;30,425;7.789;236.582
2019-12-09;30,58;30,58;30,46;30,473;6.349;193.452
2019-12-06;30,348;30,513;30,306;30,507;2.014;61.418
2019-12-05;30,211;30,235;30,12;30,193;2.220;66.924
2019-12-04;29,901;30,177;29,875;30,125;3.747;112.173
2019-12-03;30,146;30,16;29,766;29,766;4.696;140.315
2019-12-02;30,359;30,411;30,015;30,015;15.155;458.829
2019-11-29;30,324;30,483;30,288;30,288;15.418;468.484
2019-11-28;30,707;30,707;30,609;30,656;15.160;465.002
2019-11-27;30,765;30,765;30,671;30,703;7.991;245.319
2019-11-26;30,702;30,702;30,574;30,574;4.920;150.729
2019-11-25;30,717;30,798;30,706;30,777;11.146;342.603
2019-11-22;30,361;30,486;30,361;30,436;19.942;607.026
2019-11-21;30,143;30,291;30,135;30,251;6.823;206.009
2019-11-20;30,47;30,523;30,428;30,502;14.247;434.201
2019-11-19;30,631;30,755;30,449;30,494;2.309;70.687
2019-11-18;30,652;30,661;30,443;30,507;11.177;341.242
2019-11-15;30,501;30,601;30,436;30,601;23.274;709.932
2019-11-14;30,369;30,484;30,358;30,358;9.930;302.258
2019-11-13;30,539;30,539;30,287;30,403;3.190;97.287
2019-11-12;30,823;30,823;30,716;30,721;14.151;435.662
2019-11-11;30,543;30,727;30,543;30,704;9.682;296.173
2019-11-08;31,069;31,09;31,029;31,059;8.492;263.726
2019-11-07;31,111;31,265;31,111;31,261;632;19.705
2019-11-06;30,979;31,062;30,862;31,031;2.904;89.936
2019-11-05;30,841;31,031;30,841;31,021;9.965;308.841
2019-11-04;30,569;30,719;30,569;30,681;4.226;129.611
2019-11-01;30,10;30,282;30,10;30,23;916;27.702
2019-10-31;30,103;30,103;29,815;29,819;61.710;1.848.133
2019-10-30;30,039;30,125;29,946;30,025;6.461;193.832
2019-10-29;30,224;30,224;30,134;30,152;12.822;386.896
2019-10-28;30,155;30,303;30,155;30,303;11.325;341.813
2019-10-25;29,918;30,126;29,851;30,126;1.541;46.235
2019-10-24;29,853;29,998;29,853;29,998;418;12.537
2019-10-23;29,673;29,776;29,616;29,776;3.483;103.331
2019-10-22;29,745;29,877;29,739;29,819;6.360;189.843
2019-10-21;29,536;29,625;29,536;29,583;13.452;398.269
2019-10-18;29,615;29,615;29,548;29,548;9.950;294.601
2019-10-17;29,724;29,84;29,72;29,72;8.779;261.732
2019-10-16;29,639;29,741;29,639;29,701;3.017;89.657
2019-10-15;29,653;29,766;29,635;29,732;13.404;398.526
2019-10-14;29,666;29,677;29,505;29,596;20.117;595.761
2019-10-11;29,389;29,782;29,389;29,782;12.064;357.291
2019-10-10;29,03;29,298;28,95;29,292;7.517;217.831
2019-10-09;28,905;29,073;28,905;29,013;10.573;306.558
2019-10-08;29,214;29,214;28,869;28,922;1.655;47.888
2019-10-07;29,098;29,098;29,039;29,077;8.923;259.373
2019-10-04;28,976;29,123;28,874;29,123;10.249;297.325
2019-10-02;29,103;29,103;28,755;28,755;20.785;602.173
2019-10-01;29,541;29,549;29,169;29,189;15.608;458.320
2019-09-30;29,409;29,503;29,401;29,468;10.659;313.723
2019-09-27;29,516;29,559;29,50;29,536;12.415;366.651
2019-09-26;29,447;29,569;29,419;29,497;25.796;760.601
2019-09-25;29,296;29,396;29,128;29,396;8.720;255.156
2019-09-24;29,644;29,671;29,402;29,402;56.830;1.685.359
2019-09-23;29,663;29,693;29,583;29,634;16.607;492.705
2019-09-20;29,605;29,767;29,597;29,745;4.314;127.931
2019-09-19;29,465;29,626;29,448;29,626;8.720;257.744
2019-09-18;29,624;29,647;29,536;29,536;332;9.831
2019-09-17;29,623;29,623;29,469;29,587;5.592;165.315
2019-09-16;29,593;29,925;29,533;29,914;13.252;393.132
2019-09-13;29,744;29,919;29,744;29,883;9.637;287.437
2019-09-12;29,75;30,025;29,695;29,774;30.117;897.053
2019-09-11;29,413;29,683;29,413;29,683;11.957;352.535
2019-09-10;29,276;29,349;29,193;29,254;2.257;65.908
2019-09-09;29,402;29,402;29,317;29,375;2.673;78.461
2019-09-06;29,24;29,341;29,24;29,339;24.237;710.605
2019-09-05;29,081;29,186;29,011;29,186;12.389;360.248
2019-09-04;28,849;28,972;28,748;28,847;30.011;865.307
2019-09-03;28,517;28,59;28,487;28,56;17.196;490.651
2019-09-02;28,626;28,707;28,626;28,637;2.665;76.360
2019-08-30;28,36;28,604;28,36;28,604;22.886;653.186
2019-08-29;27,752;28,247;27,752;28,247;35.669;999.734
2019-08-28;27,785;27,934;27,73;27,934;76.119;2.119.416
2019-08-27;27,693;27,982;27,693;27,907;13.787;384.742
2019-08-26;27,608;27,852;27,555;27,767;21.626;598.204
2019-08-23;28,305;28,352;27,676;27,676;2.371;66.857
2019-08-22;28,279;28,285;28,03;28,104;9.103;256.541
2019-08-21;28,377;28,40;28,377;28,378;627;17.793
2019-08-20;28,322;28,322;28,225;28,225;997;28.189
2019-08-19;28,335;28,364;28,183;28,189;20.760;587.366
2019-08-16;27,87;27,979;27,87;27,967;1.947;54.411
2019-08-15;27,609;27,609;27,228;27,561;20.734;566.642
2019-08-14;27,892;27,892;27,399;27,455;4.646;127.897
2019-08-13;27,475;28,026;27,322;27,993;13.310;366.786
2019-08-12;28,099;28,11;27,506;27,566;8.264;228.568
2019-08-09;28,189;28,189;27,847;27,847;8.134;227.782
2019-08-08;28,043;28,138;27,987;28,138;10.888;306.179
2019-08-07;27,807;27,932;27,489;27,54;53.250;1.475.943
2019-08-06;27,75;27,954;27,637;27,637;20.646;575.013
2019-08-05;28,17;28,17;27,586;27,588;13.160;367.569
2019-08-02;29,066;29,066;28,637;28,637;3.995;115.111
2019-08-01;29,765;29,878;29,712;29,875;24.706;736.063
2019-07-31;29,733;29,809;29,733;29,76;1.745;51.926
2019-07-30;30,075;30,075;29,759;29,791;1.962;58.791
2019-07-29;29,987;30,067;29,944;29,97;5.749;172.490
2019-07-26;30,14;30,178;30,118;30,134;2.396;72.231
2019-07-25;30,382;30,482;30,01;30,073;12.867;389.441
2019-07-24;30,284;30,291;30,231;30,282;6.566;198.802
2019-07-23;30,169;30,235;30,169;30,195;6.803;205.312
2019-07-22;29,99;30,096;29,989;30,087;6.543;196.433
2019-07-19;30,204;30,225;30,122;30,141;3.219;97.211
2019-07-18;29,915;30,022;29,861;29,973;9.674;289.866
2019-07-17;30,122;30,122;29,995;29,995;8.174;245.944
2019-07-16;30,112;30,224;30,11;30,186;4.912;148.237
2019-07-15;29,981;30,013;29,93;30,013;1.647;49.354
2019-07-12;29,908;29,92;29,801;29,838;2.254;67.334
2019-07-11;30,022;30,056;29,884;29,884;713;21.405
2019-07-10;29,836;30,10;29,777;29,942;17.519;523.905
2019-07-09;29,729;29,81;29,657;29,795;6.039;179.597
2019-07-08;29,777;29,895;29,763;29,895;3.774;112.636
2019-07-05;30,159;30,159;30,051;30,064;4.620;138.956
2019-07-04;30,116;30,218;30,104;30,207;8.312;250.353
2019-07-03;29,973;30,037;29,95;30,037;13.777;413.104
2019-07-02;30,12;30,133;30,034;30,094;12.604;379.405
2019-07-01;30,189;30,241;30,111;30,164;2.652;80.045
2019-06-28;29,609;29,652;29,578;29,581;513;15.183
2019-06-27;29,699;29,699;29,60;29,60;11.923;353.658
2019-06-26;29,322;29,485;29,322;29,461;6.854;201.778
2019-06-25;29,295;29,367;29,291;29,328;589;17.283
2019-06-24;29,538;29,538;29,458;29,472;9.436;278.247
2019-06-21;29,685;29,722;29,613;29,677;4.170;123.893
2019-06-20;29,757;29,99;29,757;29,848;10.748;321.672
2019-06-19;29,519;29,537;29,394;29,411;30.280;892.898
2019-06-18;28,855;29,505;28,855;29,436;158.916;4.682.478
2019-06-17;28,812;28,812;28,668;28,758;1.676;48.100
2019-06-14;28,73;28,784;28,697;28,784;9.183;263.970
2019-06-13;28,713;28,903;28,713;28,808;263;7.591
2019-06-12;28,842;28,861;28,809;28,809;1.596;46.021
2019-06-11;28,929;29,112;28,921;29,061;16.326;473.112
2019-06-07;28,366;28,585;28,366;28,47;55.267;1.569.621
2019-06-06;28,393;28,502;28,213;28,259;19.970;566.512
2019-06-05;28,48;28,612;28,34;28,376;8.248;234.969
2019-06-04;28,281;28,563;28,281;28,563;16.127;457.847
2019-06-03;28,662;28,74;28,545;28,713;5.524;158.410
2019-05-31;28,291;28,545;28,199;28,545;941;26.704
2019-05-30;28,41;28,529;28,338;28,493;22.461;637.742
2019-05-29;27,942;28,138;27,93;28,135;43.554;1.217.885
2019-05-28;28,199;28,199;28,077;28,085;13.084;367.841
2019-05-27;28,091;28,091;28,007;28,052;2.580;72.352
2019-05-24;28,073;28,121;27,886;27,921;1.299;36.244
2019-05-23;28,146;28,146;28,026;28,026;24.107;676.441
2019-05-22;28,437;28,47;28,37;28,378;2.116;60.103
2019-05-21;28,414;28,414;28,25;28,343;16.300;461.771
2019-05-20;28,337;28,348;28,042;28,107;2.270;64.236
2019-05-17;28,323;28,412;28,261;28,412;41.470;1.173.689
2019-05-16;28,618;28,903;28,572;28,874;833;23.914
2019-05-15;28,867;28,867;28,507;28,704;11.385;325.230
2019-05-14;28,481;28,705;28,481;28,705;2.984;85.283
2019-05-13;28,714;28,714;28,124;28,162;3.280;93.104
2019-05-10;29,266;29,266;28,751;28,795;1.082;31.427
2019-05-09;29,185;29,185;28,598;28,64;27.500;790.950
2019-05-08;29,748;29,781;29,522;29,644;10.847;321.869
2019-05-07;30,086;30,088;29,648;29,689;87.392;2.620.366
2019-05-06;30,143;30,198;29,939;30,105;58.085;1.740.338
2019-05-03;30,694;30,902;30,694;30,889;10.231;314.950
2019-05-02;30,677;30,677;30,512;30,512;7.401;226.523
2019-04-30;30,562;30,579;30,514;30,567;1.422;43.427
2019-04-29;30,908;30,908;30,786;30,786;19.822;611.767
2019-04-26;30,647;30,78;30,647;30,78;1.656;50.774
2019-04-25;30,629;30,667;30,569;30,667;2.784;85.275
2019-04-24;30,802;30,87;30,628;30,686;1.105;34.035
2019-04-23;30,755;30,917;30,628;30,917;1.000;30.732
2019-04-18;30,658;30,955;30,658;30,955;446;13.765
2019-04-17;30,852;30,973;30,805;30,805;3.749;116.068
2019-04-16;30,677;30,738;30,677;30,736;3.325;102.093
2019-04-15;30,626;30,639;30,425;30,479;3.806;115.956
2019-04-12;30,498;30,741;30,498;30,702;6.603;201.685
2019-04-11;30,758;30,758;30,547;30,547;738;22.636
2019-04-10;30,864;30,93;30,858;30,91;1.470;45.411
2019-04-09;30,801;30,914;30,703;30,752;2.029;62.491
2019-04-08;30,722;30,757;30,632;30,757;1.026;31.492
2019-04-05;30,769;30,934;30,711;30,91;1.562;48.091
2019-04-04;30,467;30,658;30,467;30,658;183;5.576
2019-04-03;30,592;30,668;30,532;30,65;10.412;318.468
2019-04-02;30,356;30,502;30,356;30,358;1.397;42.547
2019-04-01;30,193;30,386;30,193;30,364;4.996;151.012
2019-03-29;29,805;29,928;29,797;29,928;28.974;864.710
2019-03-28;29,381;29,529;29,381;29,461;1.264;37.273
2019-03-27;29,698;29,698;29,31;29,395;18.279;538.852
2019-03-26;29,436;29,668;29,419;29,548;10.426;308.008
2019-03-25;29,348;29,469;29,268;29,456;2.092;61.411
2019-03-22;29,884;29,929;29,50;29,53;11.407;339.285
2019-03-21;29,843;29,97;29,775;29,921;4.752;141.667
2019-03-20;30,017;30,034;29,809;29,809;11.618;348.472
2019-03-19;30,062;30,162;30,062;30,162;6.573;197.751
2019-03-18;29,946;30,042;29,946;30,034;2.700;80.979
2019-03-15;29,657;29,867;29,657;29,85;13.251;395.046
2019-03-14;29,459;29,554;29,458;29,458;16.461;485.416
2019-03-13;29,569;29,619;29,537;29,537;3.627;107.299
2019-03-12;29,74;29,74;29,632;29,633;1.011;29.998
2019-03-11;29,353;29,569;29,297;29,569;1.111;32.605
2019-03-08;29,082;29,102;28,876;28,989;1.151;33.398
2019-03-07;29,447;29,636;29,374;29,457;8.574;252.683
2019-03-06;29,748;29,779;29,717;29,725;598;17.786
2019-03-05;29,587;29,798;29,548;29,798;1.770;52.374
2019-03-04;29,451;29,528;29,356;29,356;4.932;145.570
2019-03-01;29,422;29,502;29,237;29,237;3.797;111.559
2019-02-28;29,335;29,383;29,241;29,276;9.332;273.559
2019-02-27;29,596;29,64;29,529;29,608;8.194;242.310
2019-02-26;29,832;29,868;29,715;29,856;7.758;231.072
2019-02-25;29,871;30,097;29,871;30,094;4.761;142.738
2019-02-22;29,562;29,737;29,562;29,737;2.400;71.126
2019-02-21;29,488;29,537;29,299;29,299;1.875;55.333
2019-02-20;29,375;29,53;29,355;29,53;663;19.514
2019-02-19;29,086;29,189;29,031;29,189;477;13.903
2019-02-18;29,249;29,249;29,138;29,176;896;26.122
2019-02-15;28,889;29,211;28,889;29,211;3.204;93.534
2019-02-14;29,284;29,295;28,966;29,033;1.460;42.680
2019-02-13;29,37;29,37;29,188;29,188;281;8.239
2019-02-12;29,336;29,391;29,294;29,35;1.412;41.433
2019-02-11;29,129;29,261;29,129;29,223;6.018;175.887
2019-02-08;29,16;29,192;28,902;28,903;2.843;82.456
2019-02-07;29,396;29,396;28,944;28,944;3.995;116.803
2019-02-06;29,708;29,741;29,553;29,553;1.867;55.470
2019-02-05;29,31;29,686;29,31;29,664;1.878;55.444
2019-02-04;29,179;29,344;29,133;29,344;13.783;401.818
2019-02-01;29,196;29,23;29,141;29,144;3.176;92.671
2019-01-31;29,044;29,338;29,044;29,338;15.521;452.214
2019-01-30;28,676;28,834;28,676;28,78;32.906;946.863
2019-01-29;28,454;28,70;28,454;28,595;555;15.900
2019-01-28;28,682;28,682;28,453;28,453;9.201;263.402
2019-01-25;28,945;28,945;28,879;28,903;8.107;234.177
2019-01-24;28,312;28,643;28,312;28,643;3.714;105.426
2019-01-23;28,154;28,356;28,154;28,20;828;23.399
2019-01-22;28,204;28,243;28,162;28,243;1.387;39.100
2019-01-21;28,423;28,442;28,38;28,442;62.469;1.774.271
2019-01-18;28,295;28,628;28,295;28,618;1.281;36.276
2019-01-17;28,003;28,205;28,003;28,205;659;18.497
2019-01-16;28,062;28,262;28,015;28,262;8.436;238.208
2019-01-15;27,816;27,952;27,72;27,918;2.593;72.085
2019-01-14;27,337;27,537;27,337;27,537;1.633;44.800
2019-01-11;27,625;27,75;27,57;27,75;2.948;81.534
2019-01-10;27,391;27,688;27,391;27,688;20.194;554.866
2019-01-09;27,425;27,559;27,42;27,557;6.738;185.319
2019-01-08;27,049;27,197;27,047;27,128;4.800;130.047
2019-01-07;27,215;27,215;26,968;27,082;11.744;317.683
2019-01-04;26,812;27,179;26,743;27,179;846;22.643
2019-01-03;26,51;26,703;26,331;26,486;8.173;217.045
2019-01-02;26,226;27,013;26,226;26,971;97.759;2.581.993
2018-12-28;26,633;26,869;26,633;26,819;4.799;128.537
2018-12-27;26,597;26,597;26,381;26,51;4.681;123.628
2018-12-21;26,662;26,72;26,528;26,72;100.836;2.677.217
2018-12-20;26,582;26,811;26,521;26,679;37.571;1.004.999
2018-12-19;26,935;27,07;26,921;27,019;7.720;208.404
2018-12-18;26,917;26,982;26,87;26,98;11.150;299.716
2018-12-17;27,216;27,234;26,979;27,125;4.033;109.399
2018-12-14;27,119;27,406;27,086;27,406;8.217;220.268
2018-12-13;27,643;27,643;27,426;27,501;600;17.597
2018-12-12;27,301;27,547;27,301;27,547;3.653;100.486
2018-12-11;26,86;27,077;26,86;27,043;0;0
2018-12-10;26,913;26,932;26,485;26,544;44.527;1.197.439
2018-12-07;27,283;27,528;27,283;27,283;6.194;176.553
2018-12-06;27,423;27,423;26,98;27,006;32.040;888.041
2018-12-05;28,016;28,088;27,949;27,949;3.393;105.519
2018-12-04;28,356;28,407;28,28;28,336;6.372;182.163
2018-12-03;28,492;28,61;28,365;28,373;32.658;944.349
2018-11-30;27,631;27,807;27,615;27,807;156.299;4.324.321
2018-11-29;27,702;27,863;27,698;27,863;110.920;3.076.824
2018-11-28;27,716;27,781;27,597;27,685;8.949;248.128
2018-11-27;27,23;27,50;27,23;27,492;812;22.273
2018-11-26;27,319;27,323;27,213;27,281;1.582;43.180
2018-11-23;27,009;27,045;26,96;27,032;7.246;195.578
2018-11-22;26,993;27,052;26,924;26,924;6.345;171.297
2018-11-21;26,942;27,255;26,942;27,249;123;3.316
2018-11-20;26,918;26,97;26,63;26,788;10.949;293.675
2018-11-19;27,425;27,433;27,161;27,168;28.038;768.806
2018-11-16;27,37;27,37;27,24;27,304;1.550;42.267
2018-11-15;27,414;27,469;27,209;27,469;5.904;160.940
2018-11-14;26,806;27,229;26,806;26,993;7.528;203.385
2018-11-13;27,226;27,226;27,094;27,193;1.076;29.255
2018-11-12;27,218;27,218;26,73;26,772;16.058;434.264
2018-11-09;27,117;27,123;26,898;26,942;14.153;382.250
2018-11-08;27,717;27,717;27,49;27,531;3.982;109.798
2018-11-07;27,45;27,725;27,45;27,684;7.485;206.816
2018-11-06;27,454;27,481;27,321;27,397;8.979;245.662
2018-11-05;27,344;27,59;27,344;27,458;7.831;215.428
2018-11-02;27,841;27,841;27,429;27,429;1.530;42.201
2018-11-01;26,769;27,167;26,769;27,167;491;13.165
2018-10-31;26,406;26,594;26,406;26,543;13.964;370.539
2018-10-30;25,953;26,023;25,818;26,01;22.871;593.251
2018-10-29;26,118;26,411;25,953;25,953;1.910;50.411
2018-10-26;25,973;26,043;25,848;26,043;1.310;33.900
2018-10-25;25,978;26,492;25,978;26,492;6.945;181.487
2018-10-24;26,392;26,635;26,239;26,239;332;8.814
2018-10-23;26,413;26,444;26,153;26,278;17.948;472.249
2018-10-22;26,914;27,016;26,836;26,896;5.138;138.229
2018-10-19;26,832;26,855;26,631;26,631;3.582;95.997
2018-10-18;26,697;26,772;26,425;26,425;7.558;201.916
2018-10-17;27,051;27,105;26,851;26,928;14.568;394.527
2018-10-16;26,503;26,993;26,503;26,993;1.369;36.408
2018-10-15;26,486;26,573;26,402;26,573;7.087;187.618
2018-10-12;26,633;26,752;26,633;26,714;2.415;64.440
2018-10-11;26,069;26,208;25,822;26,06;7.506;194.550
2018-10-10;27,309;27,309;26,636;26,636;5.245;141.200
2018-10-09;27,341;27,341;27,176;27,309;17.188;468.518
2018-10-08;27,293;27,293;27,238;27,238;2.841;77.451
2018-10-05;27,505;27,505;27,206;27,206;11.677;320.853
2018-10-04;27,765;27,832;27,48;27,48;29.813;825.356
2018-10-02;28,135;28,281;28,038;28,261;4.875;137.496
2018-10-01;28,573;28,613;28,552;28,555;827;23.633
2018-09-28;28,427;28,536;28,357;28,491;11.283;321.139
2018-09-27;28,229;28,509;28,229;28,509;216;6.131
2018-09-26;28,08;28,273;28,08;28,237;14.868;419.367
2018-09-25;27,899;27,99;27,813;27,99;1.399;39.015
2018-09-24;27,92;27,92;27,793;27,90;7.032;195.889
2018-09-21;28,145;28,284;28,145;28,284;21.476;605.684
2018-09-20;27,937;28,015;27,937;27,977;24.438;683.110
2018-09-19;27,713;27,968;27,712;27,966;2.462;68.326
2018-09-18;27,455;27,629;27,452;27,618;18.482;508.422
2018-09-17;27,47;27,47;27,334;27,408;20.880;572.662
2018-09-14;27,767;27,781;27,757;27,781;370;10.270
2018-09-13;27,63;27,67;27,524;27,524;31.086;858.430
2018-09-12;27,199;27,397;27,11;27,397;23.318;635.073
2018-09-11;27,228;27,228;27,00;27,161;8.602;232.723
2018-09-10;27,523;27,60;27,319;27,319;14.920;410.390
2018-09-07;27,585;27,735;27,582;27,698;4.514;124.509
2018-09-06;27,449;27,682;27,413;27,532;11.256;310.678
2018-09-05;27,789;27,789;27,534;27,534;29.615;819.266
2018-09-04;28,504;28,52;28,152;28,152;16.880;477.303
2018-09-03;28,487;28,555;28,372;28,413;4.089;116.517
2018-08-31;28,279;28,504;28,264;28,424;12.212;345.449
2018-08-30;28,674;28,674;28,407;28,407;6.222;177.170
2018-08-29;28,83;28,883;28,772;28,883;2.976;85.655
2018-08-28;28,888;28,89;28,754;28,754;10.471;302.422
2018-08-27;28,754;29,04;28,754;28,986;27.651;801.850
2018-08-24;28,408;28,61;28,408;28,608;18.829;535.478
2018-08-23;28,53;28,635;28,383;28,383;2.648;75.680
2018-08-22;28,453;28,571;28,367;28,571;11.164;317.429
2018-08-21;28,458;28,565;28,458;28,565;3.467;98.794
2018-08-20;28,425;28,531;28,374;28,376;4.969;141.579
2018-08-17;28,239;28,239;28,019;28,079;1.821;51.091
2018-08-16;28,21;28,332;28,146;28,332;7.342;207.043
2018-08-15;28,51;28,516;27,943;28,106;17.192;483.690
2018-08-14;28,714;28,792;28,714;28,791;8.055;231.652
2018-08-13;28,718;28,729;28,608;28,665;12.793;366.976
2018-08-10;29,18;29,234;28,93;29,097;42.293;1.231.604
2018-08-09;29,26;29,386;29,26;29,386;1.242;36.371
2018-08-08;29,357;29,357;29,25;29,26;244;7.146
2018-08-07;29,346;29,457;29,311;29,449;397;11.640
2018-08-06;29,187;29,285;29,12;29,161;38.089;1.114.586
2018-08-03;28,93;29,251;28,93;29,251;377;10.977
2018-08-02;28,839;28,877;28,681;28,877;15.182;435.686
2018-08-01;29,27;29,346;29,151;29,264;3.501;102.265
2018-07-31;29,106;29,306;29,106;29,295;2.122;61.833
2018-07-30;29,323;29,361;29,237;29,237;5.125;150.439
2018-07-27;29,441;29,567;29,441;29,53;10.408;307.490
2018-07-26;29,258;29,401;29,258;29,398;5.843;170.997
2018-07-25;29,155;29,324;29,155;29,324;812;23.706
2018-07-24;29,052;29,146;29,048;29,146;9.512;276.882
2018-07-23;28,656;28,72;28,597;28,632;32.827;941.264
2018-07-20;28,779;28,85;28,779;28,844;1.324;38.155
2018-07-19;28,723;28,723;28,551;28,634;519;14.884
2018-07-18;28,852;28,892;28,818;28,854;13.505;389.838
2018-07-17;28,54;28,817;28,539;28,817;154;4.395
2018-07-16;28,75;28,80;28,577;28,587;13.050;373.719
2018-07-13;28,944;28,944;28,812;28,909;214;6.168
2018-07-12;28,685;28,778;28,655;28,778;3.388;97.146
2018-07-11;28,394;28,487;28,318;28,4115;18.354;520.793
2018-07-10;28,835;28,835;28,765;28,765;108;3.114
2018-07-09;28,647;28,812;28,647;28,795;3.470;99.495
2018-07-06;28,238;28,3825;28,056;28,3825;6.193;174.275
2018-07-05;28,12;28,289;28,081;28,14;13.009;366.814
2018-07-04;28,28;28,3005;28,25;28,3005;2.924;82.637
2018-07-03;28,364;28,506;28,364;28,4875;10.106;287.360
2018-07-02;28,164;28,274;28,159;28,271;26.754;756.030
2018-06-29;28,656;28,689;28,622;28,622;424;12.158
2018-06-28;28,17;28,179;28,05;28,179;33.396;939.697
2018-06-27;28,25;28,515;28,221;28,3665;7.312;207.571
2018-06-26;28,533;28,59;28,4645;28,4645;3.871;110.670
2018-06-25;28,90;28,90;28,3415;28,3415;24.724;708.355
2018-06-22;29,097;29,154;29,07;29,07;1.825;53.106
2018-06-21;29,122;29,125;28,89;28,9255;37.100;1.074.789
2018-06-20;29,461;29,48;29,339;29,339;7.430;218.632
2018-06-19;28,936;29,139;28,88;29,139;170.698;4.947.237
2018-06-18;29,70;29,70;29,235;29,307;23.014;676.501
2018-06-15;30,122;30,122;29,58;29,58;6.032;180.543
2018-06-14;29,60;30,15;29,55;30,15;7.943;237.623
2018-06-13;30,081;30,11;29,98;30,042;4.651;139.763
2018-06-12;30,102;30,102;30,00;30,04;23.273;699.235
2018-06-11;30,14;30,14;30,03;30,034;9.981;300.122
2018-06-08;29,86;30,009;29,789;30,009;6.836;204.046
2018-06-07;30,49;30,49;30,163;30,163;5.054;153.531
2018-06-06;30,517;30,517;30,375;30,455;22.557;685.861
2018-06-05;30,561;30,57;30,412;30,412;1.325;40.488
2018-06-04;30,458;30,531;30,431;30,531;11.762;358.273
2018-06-01;30,02;30,323;30,007;30,208;21.134;637.561
2018-05-31;29,969;29,969;29,83;29,849;953;28.453
2018-05-30;29,896;29,896;29,73;29,838;1.070;31.867
2018-05-29;30,097;30,21;30,097;30,18;20.470;617.031
2018-05-28;30,368;30,543;30,368;30,436;1.887;57.467
2018-05-25;30,257;30,417;30,20;30,417;24.962;755.470
2018-05-24;30,239;30,239;29,93;29,942;1.113;33.439
2018-05-23;30,09;30,138;29,967;30,119;1.236;37.133
2018-05-22;30,23;30,257;30,118;30,257;399;12.029
2018-05-18;30,275;30,275;29,927;29,927;10.396;313.830
2018-05-17;30,41;30,41;30,241;30,241;1.551;47.082
2018-05-16;30,269;30,562;30,245;30,532;1.149;34.892
2018-05-15;30,279;30,279;30,015;30,015;1.957;58.910
2018-05-14;30,421;30,458;30,40;30,458;170;5.169
2018-05-11;30,451;30,511;30,361;30,361;4.604;140.230
2018-05-10;30,14;30,53;30,14;30,53;39.081;1.187.995
2018-05-09;30,057;30,134;29,89;29,89;4.251;127.737
2018-05-08;29,86;29,93;29,758;29,809;45.600;1.360.797
2018-05-07;29,70;29,736;29,69;29,736;758;22.511
2018-05-04;29,499;29,719;29,499;29,719;1.412;41.809
2018-05-03;29,699;29,717;29,248;29,248;3.401;100.952
2018-05-02;29,95;29,982;29,808;29,83;11.110;332.550
2018-04-30;30,031;30,086;29,951;29,984;2.053;61.642
2018-04-27;29,788;29,864;29,788;29,829;6.043;180.418
2018-04-26;29,13;29,558;29,13;29,558;3.215;94.113
2018-04-25;29,184;29,184;29,032;29,032;6.785;197.442
2018-04-24;29,645;29,645;29,505;29,505;289;8.567
2018-04-23;29,505;29,57;29,42;29,57;7.882;231.979
2018-04-20;29,62;29,685;29,484;29,502;16.619;490.603
2018-04-19;29,88;29,903;29,67;29,702;1.049;31.228
2018-04-18;29,51;29,713;29,475;29,713;8.209;242.486
2018-04-17;29,294;29,569;29,294;29,569;370;10.839
2018-04-16;29,321;29,414;29,27;29,315;1.384;40.635
2018-04-13;29,661;29,67;29,50;29,579;586;17.366
2018-04-12;29,481;29,91;29,481;29,828;5.012;148.637
2018-04-11;29,507;29,628;29,35;29,628;8.542;251.650
2018-04-10;29,65;29,685;29,54;29,685;888;26.261
2018-04-09;29,81;29,81;29,312;29,569;6.265;184.830
2018-04-06;29,645;29,798;29,584;29,584;4.885;145.477
2018-04-05;29,887;30,201;29,887;30,201;962;28.880
2018-04-04;29,375;29,418;28,973;29,418;12.658;370.820
2018-04-03;29,637;29,908;29,607;29,73;7.308;217.163
2018-03-29;29,538;29,799;29,51;29,799;5.329;157.418
2018-03-28;29,407;29,434;29,143;29,289;26.141;765.726
2018-03-27;29,919;30,015;29,80;29,877;6.368;190.306
2018-03-26;29,762;29,818;29,36;29,472;12.779;379.872
2018-03-23;29,705;29,818;29,45;29,505;4.272;126.679
2018-03-22;30,091;30,175;29,99;30,093;2.464;74.297
2018-03-21;30,63;30,821;30,63;30,821;3.165;96.966
2018-03-20;30,56;30,82;30,435;30,82;1.953;59.672
2018-03-19;30,75;30,75;30,164;30,235;613;18.716
2018-03-16;30,72;30,811;30,652;30,774;6.124;187.994
2018-03-15;30,83;30,84;30,75;30,777;5.241;161.546
2018-03-14;30,808;30,85;30,60;30,63;3.271;100.598
2018-03-13;31,097;31,097;30,632;30,699;2.711;84.065
2018-03-12;31,00;31,05;30,962;30,962;3.318;102.850
2018-03-09;30,412;30,791;30,412;30,791;11.889;361.951
2018-03-08;30,065;30,284;30,019;30,284;8.377;252.435
2018-03-07;29,633;29,981;29,633;29,981;553;16.511
2018-03-06;30,157;30,233;30,00;30,025;910;27.472
2018-03-05;29,69;29,914;29,69;29,914;748;22.240
2018-03-02;30,072;30,072;29,441;29,544;2.007;59.584
2018-03-01;30,553;30,553;30,391;30,478;1.847;56.319
2018-02-28;30,51;30,613;30,395;30,395;1.562;47.757
2018-02-27;30,849;30,849;30,691;30,691;16.335;501.787
2018-02-26;30,99;31,04;30,964;31,006;9.300;288.390
2018-02-23;30,73;30,876;30,73;30,82;221;6.807
2018-02-22;30,405;30,658;30,355;30,586;5.134;156.244
2018-02-21;30,548;30,786;30,528;30,786;1.806;55.177
2018-02-20;30,263;30,36;30,098;30,36;52.224;1.574.416
2018-02-19;30,419;30,621;30,376;30,422;58.576;1.785.217
2018-02-16;30,60;30,74;30,519;30,718;3.236;99.170
2018-02-15;30,175;30,456;30,175;30,342;1.164;35.400
2018-02-14;29,668;29,799;29,455;29,701;6.339;187.421
2018-02-13;29,35;29,35;29,207;29,315;7.105;208.189
2018-02-12;29,083;29,247;29,083;29,247;2.105;61.438
2018-02-09;28,906;28,92;28,643;28,71;11.320;326.421
2018-02-08;29,658;29,692;29,05;29,088;4.047;119.575
2018-02-07;29,469;30,066;29,469;30,066;3.645;107.806
2018-02-06;29,40;30,00;29,245;29,646;16.048;471.566
2018-02-05;30,314;30,40;30,12;30,245;11.984;362.873
2018-02-02;30,687;30,687;30,415;30,428;5.084;155.304
2018-02-01;31,441;31,441;31,01;31,022;2.441;76.518
2018-01-31;31,458;31,458;31,359;31,359;4.418;138.842
2018-01-30;31,499;31,499;31,208;31,208;774;24.293
2018-01-29;31,952;31,969;31,801;31,896;3.758;119.892
2018-01-26;31,786;32,008;31,786;32,008;4.701;149.689
2018-01-25;31,584;31,713;31,485;31,695;6.612;208.925
2018-01-24;31,741;31,808;31,596;31,596;30.322;960.652
2018-01-23;31,827;31,864;31,635;31,788;2.407;76.383
2018-01-22;31,554;31,591;31,47;31,591;9.236;290.914
2018-01-19;31,332;31,476;31,311;31,47;17.098;537.279
2018-01-18;31,293;31,294;31,238;31,255;186.225;5.821.062
2018-01-17;30,983;31,22;30,983;31,202;1.956;60.953
2018-01-16;31,038;31,228;31,038;31,09;28.230;879.099
2018-01-15;30,894;30,894;30,76;30,764;2.581;79.548
2018-01-12;31,142;31,145;30,958;31,145;4.022;124.888
2018-01-11;31,173;31,173;30,92;30,979;7.911;245.515
2018-01-10;31,184;31,26;30,964;31,091;11.016;342.447
2018-01-09;31,446;31,531;31,349;31,44;4.626;145.454
2018-01-08;31,211;31,421;31,211;31,344;9.433;295.361
2018-01-05;30,879;31,136;30,871;31,126;3.495;108.286
2018-01-04;30,731;30,83;30,731;30,813;4.960;152.541
2018-01-03;30,571;30,767;30,563;30,731;4.299;131.905
2018-01-02;30,326;30,38;30,18;30,295;7.033;212.711
2017-12-29;30,09;30,13;30,08;30,08;2.789;83.930
2017-12-28;29,87;30,07;29,87;29,99;1.962;58.938
2017-12-27;29,66;29,97;29,66;29,97;7.788;232.288
2017-12-22;29,82;29,90;29,82;29,90;599;17.862
2017-12-21;29,57;29,76;29,48;29,75;12.947;384.578
2017-12-20;29,70;29,70;29,49;29,57;14.524;430.805
2017-12-19;29,88;29,88;29,65;29,65;1.859;55.425
2017-12-18;29,54;29,86;29,54;29,86;2.831;83.968
2017-12-15;29,31;29,525;29,23;29,525;3.081;90.615
2017-12-14;29,43;29,59;29,41;29,535;38.077;1.122.526
2017-12-13;29,50;29,61;29,48;29,585;23.868;703.704
2017-12-12;29,26;29,35;29,24;29,35;4.599;134.599
2017-12-11;29,41;29,44;29,36;29,415;6.946;204.188
2017-12-08;29,21;29,34;29,21;29,285;4.326;126.628
2017-12-07;28,93;28,99;28,74;28,98;6.564;189.327
2017-12-06;28,73;28,86;28,69;28,79;8.542;245.423
2017-12-05;29,23;29,365;29,10;29,365;615;17.951
2017-12-04;29,27;29,38;29,25;29,25;1.764;51.675
2017-12-01;29,09;29,15;28,90;28,90;3.111;90.342
2017-11-30;29,43;29,53;29,27;29,27;11.711;345.347
2017-11-29;30,00;30,01;29,65;29,65;5.580;167.137
2017-11-28;29,82;29,98;29,82;29,98;4.477;133.624
2017-11-27;29,70;29,83;29,70;29,71;3.238;96.388
2017-11-24;30,26;30,26;30,04;30,04;2.771;83.619
2017-11-23;30,20;30,23;30,18;30,22;1.242;37.498
2017-11-22;30,55;30,58;30,40;30,40;1.602;48.927
2017-11-21;30,38;30,65;30,38;30,62;1.626;49.605
2017-11-20;29,95;30,10;29,89;30,10;3.038;90.972
2017-11-17;29,80;29,91;29,67;29,88;26.092;778.333
2017-11-16;29,54;29,78;29,54;29,73;5.493;162.940
2017-11-15;29,02;29,20;28,98;29,19;7.374;213.896
2017-11-14;29,71;29,71;29,40;29,40;21.104;625.548
2017-11-13;29,93;29,93;29,70;29,84;5.073;151.386
2017-11-10;30,14;30,14;29,84;29,87;4.503;135.061
2017-11-09;30,32;30,32;29,98;29,98;2.439;73.758
2017-11-08;30,23;30,27;30,22;30,27;10.428;315.238
2017-11-07;30,45;30,45;30,26;30,26;2.223;67.568
2017-11-06;30,07;30,28;30,07;30,27;2.831;85.355
2017-11-03;30,07;30,07;29,94;30,02;7.024;210.856
2017-11-02;30,08;30,09;29,89;29,97;1.680;50.491
2017-11-01;30,06;30,27;30,06;30,14;5.157;155.583
2017-10-30;29,73;29,80;29,65;29,65;6.278;186.886
2017-10-27;29,48;29,85;29,48;29,85;4.737;139.876
2017-10-26;29,12;29,45;29,09;29,45;9.803;285.355
2017-10-25;29,43;29,43;29,08;29,08;10.400;305.604
2017-10-24;29,41;29,41;29,41;29,41;2.380;69.996
2017-10-23;29,50;29,58;29,40;29,42;539;15.913
2017-10-20;29,48;29,55;29,43;29,55;6.951;204.826
2017-10-19;29,32;29,33;29,17;29,24;34.577;1.012.957
2017-10-18;29,74;29,80;29,70;29,70;1.675;49.843
2017-10-17;29,81;29,81;29,64;29,67;7.818;232.203
2017-10-16;29,80;29,80;29,74;29,74;6.157;183.322
2017-10-13;29,51;29,67;29,49;29,67;1.552;45.863
2017-10-12;29,39;29,44;29,37;29,42;702;20.638
2017-10-11;29,36;29,36;29,21;29,29;68.120;1.991.545
2017-10-10;29,21;29,36;29,21;29,31;1.890;55.229
2017-10-09;29,25;29,25;29,15;29,15;1.644;47.955
2017-10-06;29,42;29,42;29,18;29,23;2.545;74.778
2017-10-05;29,09;29,48;29,09;29,48;8.570;250.703
2017-10-04;29,18;29,18;29,11;29,14;2.268;66.078
2017-10-02;28,70;28,81;28,66;28,75;2.323;66.669
2017-09-29;28,35;28,47;28,33;28,47;662;18.755
2017-09-28;28,23;28,24;28,14;28,22;997;28.127
2017-09-27;28,41;28,49;28,32;28,32;21.334;605.924
2017-09-26;28,42;28,51;28,42;28,45;2.277;64.892
2017-09-25;28,60;28,60;28,35;28,35;507;14.465
2017-09-22;28,59;28,60;28,46;28,52;3.076;87.767
2017-09-21;28,90;28,94;28,77;28,77;2.013;58.150
2017-09-20;28,72;28,74;28,69;28,72;15.940;457.474
2017-09-19;28,73;28,79;28,67;28,70;10.142;291.398
2017-09-18;28,88;28,95;28,83;28,83;3.895;112.503
2017-09-15;28,60;28,60;28,52;28,59;1.287;36.781
2017-09-14;28,67;28,73;28,61;28,68;597;17.129
2017-09-13;28,58;28,58;28,58;28,58;0;0
2017-09-12;28,54;28,64;28,54;28,60;825;23.587
2017-09-11;28,40;28,53;28,40;28,53;333;9.485
2017-09-08;28,15;28,17;28,05;28,05;14.757;414.707
2017-09-07;28,24;28,24;28,16;28,20;19.664;554.570
2017-09-06;28,04;28,16;28,04;28,16;11.150;313.719
2017-09-05;28,25;28,34;28,19;28,19;37.531;1.058.784
2017-09-04;28,26;28,28;28,21;28,27;981;27.696
2017-09-01;28,42;28,58;28,42;28,57;5.747;163.793
2017-08-31;28,32;28,47;28,27;28,40;15.225;431.914
2017-08-30;28,19;28,25;28,16;28,20;9.624;271.611
2017-08-29;27,75;27,91;27,62;27,85;1.634;45.299
2017-08-28;28,18;28,31;28,11;28,11;3.269;92.161
2017-08-25;28,53;28,58;28,38;28,38;17.895;510.179
2017-08-24;28,42;28,48;28,36;28,36;3.107;88.459
2017-08-23;28,28;28,28;28,17;28,27;9.756;275.450
2017-08-22;28,17;28,30;28,13;28,30;10.659;300.673
2017-08-21;28,06;28,08;27,95;27,97;2.924;81.953
2017-08-18;27,91;28,07;27,85;28,07;1.152;32.141
2017-08-17;28,14;28,20;28,05;28,05;1.085;30.515
2017-08-16;27,98;28,19;27,98;28,19;9.146;256.618
2017-08-15;27,99;27,99;27,82;27,90;11.423;318.417
2017-08-14;27,58;27,87;27,58;27,87;7.011;194.117
2017-08-11;27,48;27,49;27,25;27,42;11.964;327.801
2017-08-10;28,08;28,08;27,73;27,73;13.448;375.975
2017-08-09;28,26;28,28;28,11;28,13;15.921;448.395
2017-08-08;28,38;28,61;28,33;28,61;17.989;510.698
2017-08-07;28,24;28,30;28,12;28,27;39.810;1.122.452
2017-08-04;27,89;28,17;27,88;28,17;25.451;712.304
2017-08-03;27,87;27,89;27,76;27,76;13.431;373.430
2017-08-02;28,07;28,07;27,91;27,91;3.168;88.685
2017-08-01;28,11;28,12;28,04;28,09;10.711;300.624
2017-07-31;28,25;28,25;27,97;27,97;10.304;290.559
2017-07-28;28,10;28,10;28,00;28,02;3.763;105.714
2017-07-27;28,40;28,51;28,40;28,51;7.403;210.373
2017-07-26;28,32;28,39;28,32;28,35;770;21.835
2017-07-25;28,30;28,30;28,25;28,30;1.923;54.382
2017-07-24;28,30;28,35;28,28;28,28;2.063;58.422
2017-07-21;28,34;28,34;28,17;28,18;6.365;179.673
2017-07-20;28,60;28,60;28,26;28,26;42.753;1.222.402
2017-07-19;28,52;28,63;28,52;28,58;2.713;77.468
2017-07-18;28,36;28,36;28,20;28,20;184;5.193
2017-07-17;28,49;28,49;28,38;28,38;865;24.573
2017-07-14;28,36;28,50;28,36;28,47;408;11.578
2017-07-13;28,17;28,36;28,17;28,31;5.861;165.355
2017-07-12;27,68;28,11;27,68;28,11;6.060;168.986
2017-07-11;27,56;27,61;27,49;27,49;38.505;1.061.961
2017-07-10;27,31;27,44;27,29;27,44;2.258;61.645
2017-07-07;27,16;27,21;27,09;27,17;44.810;1.215.124
2017-07-06;27,54;27,54;27,12;27,15;2.621;71.727
2017-07-05;27,54;27,54;27,47;27,48;2.253;61.934
2017-07-04;27,35;27,46;27,35;27,42;4.678;128.289
2017-07-03;27,41;27,57;27,41;27,56;2.256;62.014
2017-06-30;27,33;27,36;27,28;27,36;19.245;525.534
2017-06-29;27,55;27,55;27,19;27,19;1.474;40.542
2017-06-28;27,42;27,60;27,34;27,60;16.584;456.162
2017-06-27;28,10;28,10;27,79;27,79;6.677;187.109
2017-06-26;28,09;28,12;28,09;28,09;2.485;69.877
2017-06-23;27,83;27,91;27,83;27,91;761;21.200
2017-06-22;27,89;27,93;27,89;27,93;350;9.762
2017-06-21;27,75;27,80;27,67;27,80;2.216;61.389
2017-06-20;28,02;28,02;27,82;27,83;976;27.182
2017-06-19;27,76;27,94;27,76;27,93;358;9.973
2017-06-16;27,64;27,71;27,48;27,51;383;10.557
2017-06-15;27,61;27,61;27,61;27,61;0;0
2017-06-14;27,86;27,86;27,75;27,77;7.324;203.558
2017-06-13;27,79;27,79;27,73;27,75;368;10.216
2017-06-12;27,63;27,67;27,57;27,67;2.273;62.749
2017-06-09;28,11;28,15;28,09;28,09;5.502;154.804
2017-06-08;27,77;27,96;27,77;27,93;6.796;189.540
2017-06-07;27,71;27,79;27,66;27,66;10.356;287.438
2017-06-06;27,73;27,82;27,68;27,75;2.495;69.354
2017-06-02;27,79;27,81;27,73;27,75;1.077;29.917
2017-06-01;27,59;27,64;27,58;27,69;1.661;45.853
2017-05-31;27,70;27,70;27,47;27,47;1.866;51.352
2017-05-30;27,94;27,94;27,79;27,79;6.394;177.861
2017-05-29;27,92;27,92;27,91;27,91;666;18.593
2017-05-26;27,76;27,97;27,76;27,95;1.106;30.898
2017-05-25;27,83;27,83;27,75;27,77;6.767;188.205
2017-05-24;27,57;27,67;27,54;27,67;11.918;328.442
2017-05-23;27,32;27,51;27,32;27,51;1.151;31.575
2017-05-22;27,59;27,59;27,44;27,44;5.177;142.614
2017-05-19;27,21;27,48;27,21;27,48;1.506;41.108
2017-05-18;27,01;27,13;26,86;27,13;15.368;414.134
2017-05-17;27,99;28,00;27,65;27,65;581;16.258
2017-05-16;28,23;28,25;28,19;28,21;1.213;34.210
2017-05-15;28,37;28,42;28,36;28,42;7.444;211.297
2017-05-12;28,35;28,37;28,34;28,37;2.140;60.666
2017-05-11;28,36;28,41;28,27;28,31;9.877;280.240
2017-05-10;28,05;28,31;28,05;28,31;28.156;792.432
2017-05-09;27,85;28,15;27,82;28,15;13.456;375.666
2017-05-08;27,62;27,75;27,62;27,72;3.167;87.665
2017-05-05;27,28;27,42;27,27;27,42;9.852;268.996
2017-05-04;27,78;27,78;27,51;27,53;12.204;336.833
2017-05-03;27,92;27,92;27,75;27,80;7.774;216.704
2017-05-02;27,82;27,94;27,82;27,94;5.876;163.740
2017-04-28;27,64;27,64;27,52;27,58;24.415;673.539
2017-04-27;27,59;27,69;27,57;27,66;1.522;42.026
2017-04-26;27,73;27,80;27,73;27,80;300;8.325
2017-04-25;27,78;27,78;27,64;27,64;1.875;51.993
2017-04-24;27,57;27,61;27,49;27,55;4.474;123.176
2017-04-21;27,60;27,61;27,56;27,56;790;21.787
2017-04-20;27,31;27,40;27,29;27,33;31.531;860.958
2017-04-19;27,31;27,41;27,31;27,36;1.344;36.718
2017-04-18;27,65;27,71;27,43;27,46;1.379;38.028
2017-04-13;27,82;27,89;27,78;27,89;2.318;64.458
2017-04-12;27,80;27,85;27,67;27,67;47.903;1.330.439
2017-04-11;27,66;27,76;27,52;27,56;9.249;256.473
2017-04-10;27,83;27,83;27,74;27,74;3.319;92.206
2017-04-07;27,70;27,90;27,70;27,90;3.113;86.288
2017-04-06;27,71;27,88;27,71;27,85;8.335;231.144
2017-04-05;27,91;28,00;27,91;27,98;1.813;50.633
2017-04-04;27,73;27,92;27,73;27,91;41.591;1.159.460
2017-04-03;27,73;27,85;27,71;27,77;11.363;315.415
2017-03-31;27,61;27,67;27,56;27,60;10.105;278.610
2017-03-30;27,70;27,81;27,69;27,81;6.941;192.329
2017-03-29;27,56;27,78;27,56;27,78;6.596;181.973
2017-03-28;27,31;27,44;27,31;27,44;10.414;285.530
2017-03-27;27,28;27,35;27,23;27,32;11.175;304.571
2017-03-24;27,47;27,62;27,47;27,60;20.379;562.496
2017-03-23;27,51;27,62;27,50;27,62;3.398;93.517
2017-03-22;27,34;27,51;27,33;27,51;43.248;1.185.431
2017-03-21;27,81;27,87;27,50;27,50;1.163;32.313
2017-03-20;27,63;27,90;27,63;27,90;1.438;39.837
2017-03-17;27,50;27,60;27,46;27,54;9.655;265.993
2017-03-16;27,46;27,70;27,46;27,61;30.247;832.669
2017-03-15;27,13;27,17;27,13;27,17;50;1.357
2017-03-14;27,05;27,05;27,05;27,05;0;0
2017-03-13;26,91;27,04;26,90;27,04;1.948;52.469
2017-03-10;26,74;26,79;26,62;26,62;3.151;84.241
2017-03-09;26,87;26,87;26,66;26,66;5.767;154.288
2017-03-08;27,15;27,15;27,05;27,06;2.210;59.885
2017-03-07;27,06;27,13;27,05;27,09;8.362;226.716
2017-03-06;26,93;27,05;26,93;26,98;3.477;93.950
2017-03-03;26,88;27,00;26,88;27,00;2.006;54.044
2017-03-02;27,26;27,29;27,11;27,11;2.180;59.386
2017-03-01;27,10;27,28;27,10;27,28;3.098;84.178
2017-02-28;27,13;27,13;26,92;26,92;725;19.669
2017-02-27;27,22;27,22;27,09;27,09;4.775;129.707
2017-02-24;27,41;27,41;27,17;27,24;9.927;270.313
2017-02-23;27,62;27,70;27,60;27,62;25.191;697.373
2017-02-22;27,71;27,73;27,58;27,58;1.505;41.570
2017-02-21;27,45;27,49;27,45;27,48;2.148;59.035
2017-02-20;27,19;27,23;27,14;27,21;2.073;56.356
2017-02-17;27,11;27,11;26,88;26,99;19.351;522.342
2017-02-16;27,27;27,27;27,15;27,15;11.558;314.763
2017-02-15;27,34;27,39;27,34;27,37;5.241;143.453
2017-02-14;27,13;27,13;27,05;27,11;8.839;239.366
2017-02-13;27,00;27,14;26,96;27,14;5.429;147.234
2017-02-10;26,77;26,90;26,74;26,90;190;5.085
2017-02-09;26,63;26,72;26,63;26,72;294;7.839
2017-02-08;26,49;26,49;26,40;26,43;2.652;70.151
2017-02-07;26,43;26,47;26,35;26,35;1.317;34.817
2017-02-06;26,44;26,50;26,40;26,40;99;2.619
2017-02-03;26,14;26,32;26,14;26,32;2.280;59.750
2017-02-02;26,00;26,10;26,00;26,10;218;5.672
2017-02-01;26,02;26,12;26,02;26,10;1.695;44.140
2017-01-31;26,04;26,10;25,94;25,94;2.222;57.870
2017-01-30;26,24;26,25;26,11;26,11;11.269;294.764
2017-01-27;26,39;26,39;26,28;26,29;6.069;159.657
2017-01-26;26,45;26,45;26,39;26,42;19.223;507.810
2017-01-25;26,10;26,23;26,10;26,23;976;25.484
2017-01-24;26,00;26,01;26,00;26,01;475;12.350
2017-01-23;25,70;25,78;25,70;25,74;5.149;132.628
2017-01-20;25,65;25,70;25,63;25,63;1.088;27.923
2017-01-19;25,69;25,78;25,67;25,71;21.228;546.480
2017-01-18;25,74;25,77;25,74;25,77;125;3.218
2017-01-17;25,67;25,73;25,67;25,69;9.763;250.740
2017-01-16;25,76;25,79;25,75;25,79;1.770;45.598
2017-01-13;25,80;25,92;25,80;25,92;1.458;37.628
2017-01-12;25,78;25,93;25,77;25,77;3.319;86.002
2017-01-11;25,80;25,93;25,80;25,80;782;20.216
2017-01-10;25,57;25,77;25,57;25,77;74.797;1.914.863
2017-01-09;25,57;25,58;25,54;25,57;92.564;2.364.953
2017-01-06;25,57;25,64;25,54;25,58;893;22.852
2017-01-05;25,58;25,68;25,54;25,54;824;21.135
2017-01-04;25,59;25,61;25,56;25,58;1.764;45.116
2017-01-03;25,37;25,61;25,37;25,51;2.397;61.172
2017-01-02;25,10;25,22;25,10;25,16;1.826;45.931
2016-12-30;25,15;25,15;25,09;25,09;79;1.987
2016-12-29;25,06;25,17;25,06;25,17;25.880;649.050
2016-12-28;24,96;25,01;24,94;25,01;330;8.234
2016-12-27;24,48;24,72;24,48;24,72;1.080;26.507
2016-12-23;24,54;24,55;24,48;24,55;206;5.055
2016-12-22;24,77;24,77;24,42;24,42;2.200;54.282
2016-12-21;25,09;25,09;24,91;24,92;2.100;52.423
2016-12-20;25,09;25,09;25,07;25,07;1.002;25.132
2016-12-19;25,00;25,03;24,94;24,94;1.244;31.100
2016-12-16;25,11;25,14;25,05;25,07;1.389;34.871
2016-12-15;25,13;25,16;25,04;25,16;613;15.385
2016-12-14;25,20;25,20;25,10;25,12;9.753;245.402
2016-12-13;25,28;25,31;25,28;25,31;282;7.131
2016-12-12;25,35;25,35;25,19;25,22;38.120;962.684
2016-12-09;25,32;25,55;25,32;25,55;2.783;70.926
2016-12-08;25,02;25,35;24,91;25,35;3.723;93.727
2016-12-07;24,73;24,88;24,73;24,84;6.195;154.003
2016-12-06;24,63;24,63;24,59;24,59;140;3.447
2016-12-05;24,64;24,64;24,57;24,57;16;394
2016-12-02;24,48;24,61;24,42;24,56;1.268;31.038
2016-12-01;24,96;24,96;24,73;24,73;1.596;39.790
2016-11-30;24,78;25,01;24,78;25,01;3.420;85.139
2016-11-29;24,93;24,93;24,75;24,87;7.463;185.573
2016-11-28;24,89;24,95;24,80;24,94;9.710;241.387
2016-11-25;24,80;24,84;24,76;24,80;2.205;54.646
2016-11-24;24,78;24,83;24,78;24,82;3.403;84.476
2016-11-23;24,74;24,77;24,66;24,66;8.745;216.352
2016-11-22;24,86;24,86;24,75;24,75;2.135;53.036
2016-11-21;24,37;24,58;24,37;24,58;10.428;255.276
2016-11-18;24,36;24,50;24,24;24,39;1.658;40.414
2016-11-17;24,17;24,47;24,17;24,47;16.635;403.921
2016-11-16;24,13;24,17;24,01;24,17;22.226;535.966
2016-11-15;23,78;24,13;23,78;24,13;392;9.322
2016-11-14;23,61;23,92;23,61;23,70;36.083;857.879
2016-11-11;24,05;24,05;23,46;23,51;2.795;66.209
2016-11-10;25,00;25,03;24,12;24,22;19.972;484.298
2016-11-09;24,32;24,86;24,14;24,86;1.690;41.239
2016-11-08;25,02;25,23;25,02;25,23;420;10.523
2016-11-07;24,76;25,04;24,69;25,04;73.014;1.805.518
2016-11-04;24,29;24,29;24,04;24,21;1.288;31.132
2016-11-03;24,38;24,42;24,31;24,31;447;10.902
2016-11-02;24,59;24,59;24,32;24,32;8.367;204.935
2016-11-01;25,30;25,30;24,72;24,73;846;21.359
2016-10-31;25,21;25,23;25,19;25,19;807;20.351
2016-10-28;25,18;25,25;25,18;25,25;6.477;163.186
2016-10-27;25,45;25,46;25,31;25,31;780;19.857
2016-10-26;25,63;25,63;25,37;25,49;1.137;28.916
2016-10-25;25,76;25,76;25,76;25,76;0;0
2016-10-24;25,72;25,82;25,72;25,75;3.725;96.089
2016-10-21;25,47;25,58;25,47;25,58;148;3.776
2016-10-20;25,47;25,53;25,39;25,53;3.393;86.394
2016-10-19;25,28;25,48;25,28;25,48;399;10.087
2016-10-18;25,09;25,29;25,09;25,29;528;13.248
2016-10-17;24,87;24,90;24,77;24,88;1.627;40.449
2016-10-14;24,87;24,97;24,85;24,97;1.549;38.517
2016-10-13;24,67;24,69;24,63;24,63;4.000;98.718
2016-10-12;25,04;25,04;24,99;25,00;403;10.073
2016-10-11;25,03;25,03;24,95;24,95;1.137;28.404
2016-10-10;25,08;25,37;25,01;25,37;4.590;114.864
2016-10-07;25,08;25,09;25,01;25,01;1.547;38.793
2016-10-06;25,12;25,12;24,98;24,98;9;226
2016-10-05;24,84;24,96;24,80;24,96;2.782;69.148
2016-10-04;24,98;25,08;24,98;25,08;1.433;35.864
2016-09-30;24,55;24,77;24,55;24,75;1.880;46.350
2016-09-29;25,00;25,00;24,81;24,83;24.145;602.432
2016-09-28;24,96;24,96;24,83;24,83;200;4.992
2016-09-27;24,77;24,77;24,71;24,76;526;13.017
2016-09-26;24,75;24,75;24,53;24,53;4.206;103.615
2016-09-23;25,10;25,10;25,04;25,04;1.754;44.025
2016-09-22;24,96;25,14;24,96;25,14;11.275;282.170
2016-09-21;24,76;24,85;24,76;24,76;3.756;93.324
2016-09-20;24,47;24,55;24,47;24,55;123;3.010
2016-09-19;24,57;24,61;24,55;24,60;3.161;77.689
2016-09-16;24,23;24,25;24,23;24,25;748;18.126
2016-09-15;24,24;24,24;24,24;24,24;0;0
2016-09-14;23,99;23,99;23,94;23,94;11.157;267.337
2016-09-13;23,89;23,89;23,82;23,82;32;764
2016-09-12;23,96;24,16;23,94;24,16;160;3.832
2016-09-09;24,80;24,80;24,53;24,53;645;15.942
2016-09-08;25,04;25,04;25,04;25,04;0;0
2016-09-07;25,12;25,12;25,11;25,11;205;5.150
2016-09-06;25,16;25,16;25,08;25,08;400;10.064
2016-09-05;24,98;25,03;24,94;25,00;684;17.101
2016-09-02;24,28;24,75;24,28;24,75;4.695;114.591
2016-09-01;24,43;24,46;24,14;24,21;4.279;104.358
2016-08-31;24,54;24,54;24,36;24,36;670;16.356
2016-08-30;24,68;24,71;24,56;24,56;400;9.875
2016-08-29;24,31;24,49;24,31;24,49;140;3.403
2016-08-26;24,32;24,60;24,31;24,60;3.500;85.118
2016-08-25;24,35;24,35;24,34;24,34;655;15.949
2016-08-24;24,28;24,31;24,22;24,31;11.372;276.094
2016-08-23;24,43;24,46;24,43;24,46;355;8.673
2016-08-22;24,42;24,42;24,30;24,30;110;2.681
2016-08-19;24,53;24,53;24,53;24,53;0;0
2016-08-18;24,69;24,71;24,69;24,71;1.250;30.863
2016-08-17;24,63;24,63;24,46;24,46;7.388;181.789
2016-08-16;24,98;24,98;24,80;24,80;15;375
2016-08-15;25,10;25,16;25,10;25,16;250;6.275
2016-08-12;24,93;24,93;24,93;24,93;0;0
2016-08-11;24,74;24,89;24,73;24,89;2.500;61.969
2016-08-10;24,75;24,80;24,68;24,68;16.650;411.441
2016-08-09;24,83;24,90;24,81;24,90;2.575;63.939
2016-08-08;24,61;24,76;24,61;24,74;2.585;63.713
2016-08-05;24,34;24,50;24,33;24,50;2.282;55.593
2016-08-04;23,94;24,15;23,94;24,15;871;21.018
2016-08-03;23,61;23,80;23,60;23,80;3.328;78.706
2016-08-02;24,05;24,05;23,74;23,74;2.218;52.828
2016-08-01;24,27;24,27;24,10;24,15;4.898;118.652
2016-07-29;23,97;24,02;23,97;24,02;3.768;90.421
2016-07-28;24,18;24,18;24,01;24,02;12.778;308.103
2016-07-27;24,31;24,38;24,28;24,28;1.960;47.681
2016-07-26;24,24;24,24;24,24;24,24;0;0
2016-07-25;24,27;24,31;24,14;24,14;2.275;55.112
2016-07-22;24,12;24,23;24,11;24,23;1.686;40.666
2016-07-21;24,15;24,23;24,15;24,21;10.057;243.511
2016-07-20;24,23;24,23;24,12;24,23;1.330;32.173
2016-07-19;23,95;24,10;23,94;24,10;1.000;23.948
2016-07-18;24,07;24,07;23,98;24,05;39.393;944.702
2016-07-15;23,76;23,98;23,76;23,98;11.874;282.995
2016-07-14;23,78;23,93;23,73;23,93;5.533;131.843
2016-07-13;23,66;23,69;23,51;23,51;7.758;183.588
2016-07-12;23,72;23,72;23,72;23,72;0;0
2016-07-11;23,49;23,49;23,49;23,49;0;0
2016-07-08;22,70;23,12;22,70;23,12;52.360;1.205.709
2016-07-07;22,76;22,84;22,76;22,77;432;9.852
2016-07-06;22,64;22,64;22,51;22,52;1.849;41.651
2016-07-05;22,80;22,80;22,80;22,80;0;0
2016-07-04;23,19;23,20;23,08;23,08;261;6.054
2016-07-01;23,14;23,14;23,04;23,09;6.900;159.202
2016-06-30;22,72;22,95;22,72;22,95;2.525;57.708
2016-06-29;22,61;22,74;22,61;22,74;4.540;102.693
2016-06-28;22,17;22,17;22,17;22,17;0;0
2016-06-27;22,01;22,01;21,65;21,67;31.510;690.323
2016-06-24;21,74;22,17;21,74;22,05;672;14.875
2016-06-23;22,46;22,54;22,46;22,54;200;4.492
2016-06-22;22,33;22,44;22,33;22,43;1.096;24.500
2016-06-21;22,11;22,23;22,11;22,23;4.700;103.917
2016-06-20;21,99;22,17;21,99;22,17;808;17.768
